ASASSN_id,distance,distance_low,distance_high,g_mag,Gaia_name,G_mag,G_mag_err,abs_mag_G,abs_mag_G_low,abs_mag_G_high,ext_correct_G,ext_correct_G_low,ext_correct_G_high,BP_RP,BP_RP_err,BP_RP_0,BP_RP_0_err,J_mag,J_mag_err,K_mag,K_mag_err,abs_mag_J,abs_mag_J_low,abs_mag_J_high,ext_correct_J,ext_correct_J_low,ext_correct_J_high,ext_correct_K,ext_correct_K_low,ext_correct_K_high,FinalType,ML_classifier_type,visual_classification_type,VSX_type,VSX_RA,VSX_Dec,VSX_name,J-K,J-K_err,sigma_distance,sigma_dist_term,E(B-V),A_J,E(J-K),abs_mag_J_err
42949677128,1743,1689,1795,12.53,Gaia DR3 385196895017894912,12.492,0.003,1.116,1.184,1.052,0.17,0.083,0.17,0.442,0.01,0.359,0.01,11.869,0.023,11.718,0.018,0.6115130644500316,0.68,0.548,0.051,0.051,0.051,0.022,0.022,0.022,EB,EB_ESD,EB,RRC,4.51567,43.28278,CSS_J001803.7+431658,0.1509999999999998,0.029206163733020464,53.0,0.06602870780514154,0.05604395604395604,0.051,0.02914285714285714,0.07010563639549076
25770299404,1258,1144,1392,13.277,Gaia DR3 563000947571777024,12.709,0.006,1.242,1.448,1.022,0.969,0.473,0.969,1.159,0.022,0.686,0.022,11.2,0.03,10.774,0.02,0.41259679445374936,0.619,0.193,0.289,0.289,0.289,0.124,0.124,0.124,EW,EB_EC,EW,RR,18.24273,76.13571,NSVS 269243,0.42600000000000016,0.03605551275463989,124.0,0.21404020570748497,0.31758241758241756,0.289,0.16514285714285715,0.2180560011999268
300648159536,249,234,267,9.199,Gaia DR3 2455527640297608320,8.18,0.003,1.199,1.334,1.047,0.0,0.0,0.0,0.695,0.008,0.695,0.008,7.39,0.02,7.108,0.021,0.40900326452131797,0.544,0.257,0.0,0.0,0.0,0.0,0.0,0.0,EW,NonVar,EW,RR:,20.87596,-13.92425,CW Cet,0.28200000000000003,0.029,16.5,0.14389275002818583,0.0,0.0,0.0,0.14527602524392652
120259254551,4774,4387,5168,15.745,Gaia DR3 534185015551097344,15.201,0.006,0.499,0.682,0.326,1.308,0.639,1.308,1.241,0.021,0.602,0.021,13.493,0.027,13.121,0.034,-0.29141207335367747,-0.108,-0.464,0.39,0.39,0.39,0.167,0.167,0.167,EB,EB_EC,EB,RRAB,22.82827,71.72525,WISE J013118.7+714330,0.3719999999999999,0.043416586692184816,390.5,0.17762043902725158,0.42857142857142855,0.39,0.22285714285714286,0.18384509882026662
60130793282,3729,3348,4146,14.391,Gaia DR3 339603102751946240,14.213,0.011,1.234,1.468,1.004,0.121,0.059,0.121,0.626,0.052,0.567,0.052,13.667,0.027,13.369,0.034,0.7730380831934656,1.007,0.543,0.036,0.036,0.036,0.015,0.015,0.015,EW,EB_EC,EW,RRAB,37.17667,42.82481,WISE J022842.4+424929,0.29800000000000004,0.043416586692184816,399.0,0.23234580085733098,0.03956043956043956,0.036,0.02057142857142857,0.2339370239531026
206158828541,2393,2303,2472,13.292,Gaia DR3 340460034626333440,13.087,0.005,1.047,1.131,0.977,0.145,0.071,0.145,0.606,0.018,0.535,0.018,12.349,0.027,12.086,0.018,0.4112865069328137,0.495,0.341,0.043,0.043,0.043,0.019,0.019,0.019,EW,EB_EC,EW,RRAB,39.35747,43.88899,WISE J023725.7+435320,0.2629999999999999,0.0324499614791759,84.5,0.07667756732307725,0.047252747252747244,0.043,0.024571428571428567,0.08140601532187314
17180453841,5022,4568,5585,15.2,Gaia DR3 514163561651428736,14.812,0.003,-0.363,-0.134,-0.594,1.671,0.805,1.671,0.93,0.008,0.113,0.014,13.542,0.026,13.28,0.037,-0.4613835418845185,-0.249,-0.692,0.499,0.492,0.499,0.214,0.211,0.214,EW,EB_ESD,EW,RRC,39.46396,63.42415,ASASSN-V J023751.35+632526.9,0.26200000000000045,0.04522167621838005,508.5,0.21987131028256024,0.5483516483516483,0.49899999999999994,0.28514285714285714,0.2269568308850163
188979597804,329,315,349,9.302,Gaia DR3 87887576476364160,8.552,0.004,0.675,0.769,0.547,0.291,0.142,0.291,0.443,0.011,0.301,0.011,7.889,0.02,7.707,0.031,0.21602051025012756,0.31,0.088,0.087,0.087,0.087,0.037,0.037,0.037,EW,NonVar,EW,RRC|EC|ESD,39.58592,20.25939,ASAS J023821+2015.5,0.18200000000000038,0.036891733491393436,17.0,0.11220374152515623,0.0956043956043956,0.087,0.04971428571428571,0.11430384775782515
17180598704,2616,2511,2716,14.715,Gaia DR3 554337551857572608,14.189,0.006,1.374,1.463,1.292,0.727,0.355,0.727,1.003,0.021,0.648,0.021,12.854,0.022,12.491,0.026,0.5488113017388502,0.638,0.467,0.217,0.217,0.217,0.093,0.093,0.093,EB,EB_EC,EB,RR,52.4361,77.06669,NSVS 433738,0.36299999999999955,0.0340587727318528,102.5,0.08508253898142834,0.23846153846153845,0.217,0.124,0.09052032058894993
335008534425,885,860,912,12.467,Gaia DR3 41543328868600064,12.089,0.005,1.7,1.763,1.635,0.654,0.32,0.654,0.922,0.02,0.602,0.02,10.775,0.022,10.427,0.017,0.845283646510872,0.908,0.78,0.195,0.195,0.195,0.084,0.084,0.084,EW,EB_EC,EW,EC|RRC|ESD,54.62075,14.88386,ASAS J033829+1453.1,0.34800000000000075,0.027802877548915687,26.0,0.06379466965810478,0.21428571428571427,0.195,0.11142857142857143,0.07024250762029154
137439491948,2371,2252,2500,15.154,Gaia DR3 469899834856772864,14.405,0.004,1.319,1.431,1.204,1.211,0.592,1.211,1.286,0.017,0.694,0.017,12.809,0.027,12.296,0.026,0.573342230109058,0.685,0.458,0.361,0.361,0.361,0.155,0.155,0.155,EW,CEPH_1O,EW,RRAB,58.8075,57.80812,WISE J035513.8+574829,0.5129999999999999,0.03748332962798263,124.0,0.11356498472375204,0.3967032967032967,0.361,0.2062857142857143,0.12218516994834536
42949716089,1069,1035,1098,11.487,Gaia DR3 231548116499738752,11.231,0.004,0.307,0.381,0.238,0.779,0.379,0.79,0.702,0.013,0.321,0.015,10.241,0.019,10.008,0.022,-0.13688852604388957,-0.065,-0.198,0.233,0.231,0.236,0.1,0.099,0.101,EW,EB_EC,EW,RRAB,60.2092,43.35454,WISE J040050.2+432116,0.23300000000000054,0.029068883707497266,31.5,0.06398632450866432,0.256043956043956,0.23299999999999998,0.13314285714285715,0.07069752275807191
34360185365,554,495,637,11.33,Gaia DR3 553753367587040000,10.953,0.003,1.944,2.189,1.641,0.291,0.142,0.291,1.056,0.007,0.914,0.007,9.342,0.02,8.834,0.015,0.5374511763578516,0.782,0.234,0.087,0.087,0.087,0.037,0.037,0.037,EW,NonVar,EW,RRC,78.35631,79.7909,ASASSN-V J051325.51+794727.2,0.5080000000000009,0.025,71.0,0.2782933954434194,0.0956043956043956,0.087,0.04971428571428571,0.2791467426774445
300647737742,773,764,784,11.189,Gaia DR3 2989109706861319552,10.929,0.003,1.27,1.296,1.239,0.218,0.107,0.218,0.539,0.01,0.432,0.01,10.187,0.023,9.967,0.021,0.6811025304083738,0.707,0.65,0.065,0.065,0.065,0.028,0.028,0.028,DSCT,EB_ED,DSCT,RRC,79.31067,-11.69956,ASAS J051714-1142.0,0.21999999999999886,0.03114482300479487,10.0,0.028091493007972302,0.07142857142857142,0.065,0.037142857142857144,0.03688335640118665
257698118001,574,552,598,10.581,Gaia DR3 3223607740037728768,10.366,0.003,1.305,1.39,1.216,0.266,0.13,0.266,0.53,0.007,0.4,0.007,9.689,0.024,9.462,0.021,0.8144405380101319,0.899,0.725,0.08,0.08,0.08,0.034,0.034,0.034,EW,NonVar,EW,ESD|RRC|EC,83.87517,2.13067,ASAS J053530+0207.9,0.2270000000000003,0.03189043743820395,23.0,0.0870102184997804,0.0879120879120879,0.08,0.045714285714285714,0.09061334406906925
472446951912,1661,1628,1700,12.674,Gaia DR3 3017979995988968448,12.241,0.004,0.267,0.311,0.217,0.872,0.426,0.872,0.932,0.011,0.506,0.011,11.094,0.024,10.705,0.021,-0.26784816225697505,-0.224,-0.318,0.26,0.26,0.26,0.112,0.112,0.112,EB,EB_ESD,EB,ESD|RRAB|DCEP-FO|EC|ED,91.33204,-8.23692,ASAS J060520-0814.2,0.38899999999999935,0.03189043743820395,36.0,0.04706382103707725,0.2857142857142857,0.26,0.14857142857142858,0.05888126400316178
661427865301,646,639,653,10.566,Gaia DR3 2889675785120709376,10.292,0.004,1.112,1.136,1.088,0.129,0.063,0.129,0.533,0.012,0.47,0.012,9.678,0.021,9.488,0.021,0.5888374100245797,0.612,0.564,0.038,0.038,0.039,0.016,0.016,0.017,EW,NonVar,EW,EC|RRC|ESD,91.58463,-33.6005,ASAS J060620-3336.0,0.19000000000000128,0.029698484809835,7.0,0.023529886790423858,0.041758241758241756,0.038,0.021714285714285714,0.031766264690236454
292057812787,4679,4244,5371,13.98,Gaia DR3 3329234141332024192,13.891,0.01,-0.744,-0.51,-1.043,1.284,0.617,1.284,0.66,0.033,0.033,0.034,12.853,0.03,12.636,0.03,-0.8807652259609027,-0.663,-1.18,0.383,0.377,0.383,0.164,0.162,0.164,EW,EB_ESD,EW,RRAB,93.70682,10.12812,WISE J061449.6+100741,0.21700000000000053,0.042426406871192854,563.5,0.26151414891267616,0.4208791208791209,0.383,0.21885714285714286,0.26600101518889235
386548197620,1268,1230,1301,11.66,Gaia DR3 2937100951440192256,11.488,0.003,0.851,0.917,0.796,0.121,0.059,0.121,0.56,0.006,0.501,0.006,10.706,0.023,10.523,0.023,0.15440373227143092,0.22,0.099,0.036,0.036,0.036,0.015,0.015,0.015,DSCT,DSCT,DSCT,ESD|RRC|DSCT|EC|ED,98.14996,-21.98894,ASAS J063236-2159.3,0.18299999999999983,0.03252691193458118,35.5,0.060794377395762766,0.03956043956043956,0.036,0.02057142857142857,0.06509928051014413
25770379538,586,579,595,11.575,Gaia DR3 966907506105789056,11.017,0.003,1.912,1.938,1.878,0.266,0.13,0.266,1.006,0.01,0.876,0.01,9.654,0.028,9.128,0.018,0.7345119199095455,0.761,0.701,0.08,0.08,0.08,0.034,0.034,0.034,EW,NonVar,EW,RRC,100.82306,47.93701,ASASSN-V J064317.54+475613.3,0.5259999999999998,0.033286633954186476,8.0,0.02964467453264517,0.0879120879120879,0.08,0.045714285714285714,0.04155486407325214
644245665318,1249,1221,1271,12.071,Gaia DR3 5282095473777638656,11.88,0.003,1.17,1.219,1.131,0.227,0.111,0.228,0.568,0.008,0.457,0.008,11.118,0.022,10.902,0.025,0.5671878081293218,0.616,0.529,0.068,0.068,0.068,0.029,0.029,0.029,EW,CEPH_1O,EW,EC|RRC|ESD,103.95692,-65.81703,ASAS J065550-6549.0,0.21600000000000108,0.03330165161069343,25.0,0.04346421956597796,0.07472527472527472,0.068,0.03885714285714286,0.049187177012708715
249108106816,547,508,607,10.338,Gaia DR3 3380892466074502656,10.172,0.004,1.458,1.619,1.208,0.024,0.012,0.048,0.434,0.014,0.422,0.018,9.507,0.021,9.318,0.017,0.8100633683328443,0.971,0.577,0.007,0.007,0.014,0.003,0.003,0.006,EW,NonVar,EW,EC|RRC|ESD,104.22992,24.75033,ASAS J065655+2445.0,0.18900000000000006,0.027018512172212593,49.5,0.19650435881362852,0.007692307692307692,0.007,0.004,0.1976245253827451
343597911755,3162,2941,3385,14.798,Gaia DR3 3112834073847419776,14.569,0.01,1.27,1.44,1.097,0.799,0.384,0.824,0.699,0.04,0.308,0.044,13.428,0.024,13.246,0.037,0.6891906720190492,0.851,0.534,0.239,0.235,0.246,0.102,0.101,0.105,EW,EB_EC,EW,RRC,104.84716,-0.49207,GDS_J0659233-002931,0.18200000000000038,0.04410215414239989,222.0,0.15245631717666333,0.2626373626373626,0.23899999999999996,0.13657142857142857,0.15617342490664463
523986374500,1160,1130,1193,10.691,Gaia DR3 3052609320871896320,10.552,0.003,-0.631,-0.354,-0.898,0.861,0.313,1.067,0.225,0.01,-0.196,0.209,10.213,0.023,10.134,0.023,-0.3662899461345933,-0.243,-0.489,0.257,0.191,0.319,0.11,0.082,0.137,EW,NonVar,EW,RRC|EC|ESD,104.85275,-7.53903,ASAS J065925-0732.4,0.07899999999999885,0.03252691193458118,31.5,0.05896670767220875,0.2824175824175824,0.257,0.14685714285714285,0.06831224351241674
309238713639,1796,1753,1851,12.587,Gaia DR3 2932407033230509312,12.443,0.004,0.88,0.939,0.815,0.291,0.139,0.291,0.485,0.011,0.343,0.011,11.707,0.024,11.525,0.027,0.34846833834357205,0.403,0.283,0.087,0.085,0.087,0.037,0.036,0.037,EW,CEPH_Other,EW,DCEP-FO|RRAB|EC|ESD,105.54313,-20.66214,ASAS J070210-2039.7,0.18200000000000038,0.036124783736376884,49.0,0.05924395772065517,0.0956043956043956,0.087,0.04971428571428571,0.06450997230201527
481037414019,3553,3328,3822,15.179,Gaia DR3 5613233500938423808,14.821,0.005,1.438,1.583,1.266,0.63,0.306,0.644,0.779,0.015,0.471,0.017,13.678,0.027,13.271,0.037,0.737023962553361,0.88,0.575,0.188,0.187,0.192,0.081,0.08,0.082,EB,EB_EC,EB,RRAB,112.70397,-26.5828,GDS_J0730489-263458,0.40700000000000003,0.04580392996239514,247.0,0.1509579749931089,0.20659340659340658,0.188,0.10742857142857143,0.1545016188071183
506806729616,3422,3231,3648,14.853,Gaia DR3 5611691745119115648,14.59,0.004,1.289,1.413,1.15,0.63,0.308,0.63,0.863,0.016,0.555,0.016,13.411,0.026,13.065,0.024,0.55159997397459,0.676,0.413,0.188,0.188,0.188,0.081,0.081,0.081,EW,EB_ESD,EW,RRC,113.65492,-28.39184,PS1-3PI J073437.18-282330.6,0.3460000000000001,0.03538361202590826,208.5,0.13230625288841028,0.20659340659340658,0.188,0.10742857142857143,0.13614104654134246
266288357026,1369,1349,1388,12.768,Gaia DR3 5598494856808819200,12.664,0.007,1.511,1.549,1.475,0.471,0.227,0.477,0.595,0.027,0.365,0.028,11.662,0.022,11.404,0.019,0.838982759330051,0.873,0.808,0.141,0.139,0.142,0.06,0.06,0.061,EW,EB_ED,EW,EC|RRC|ESD,114.93579,-30.58361,ASAS J073944-3035.0,0.2580000000000009,0.029068883707497266,19.5,0.030930395898880237,0.15494505494505492,0.141,0.08057142857142856,0.04049073215516691
377958233929,2664,2469,2856,12.842,Gaia DR3 5717322754909852288,12.907,0.008,0.561,0.75,0.404,0.218,0.095,0.224,0.224,0.028,0.117,0.031,12.498,0.033,12.429,0.034,0.30532889750868314,0.477,0.152,0.065,0.058,0.067,0.028,0.025,0.029,EW,EB_EC,EW,EC|RRC,118.24171,-19.32286,ASAS J075258-1919.3,0.06899999999999906,0.04738143096192854,193.5,0.15772519190743095,0.07142857142857142,0.065,0.037142857142857144,0.16127146729113592
420907112400,943,896,988,11.773,Gaia DR3 5516189019818899072,11.454,0.004,0.988,1.114,0.872,0.593,0.282,0.608,0.743,0.01,0.453,0.018,10.557,0.024,10.256,0.021,0.5074415363133578,0.623,0.402,0.177,0.172,0.181,0.076,0.074,0.078,EB,EB_EC,EB,RRAB,122.8929,-47.84597,WISE J081134.2-475045,0.30100000000000016,0.03189043743820395,46.0,0.10592548339103701,0.19450549450549448,0.177,0.10114285714285713,0.1100431644020875
412317673929,2439,2345,2573,14.714,Gaia DR3 5533487296963447552,14.337,0.005,1.041,1.153,0.888,1.36,0.651,1.397,1.038,0.018,0.374,0.037,12.82,0.023,12.296,0.021,0.4779409984313491,0.571,0.351,0.406,0.398,0.417,0.174,0.171,0.179,EW,EB_ESD,EW,RRC,122.91127,-41.5899,ASASSN-V J081138.70-413523.6,0.5240000000000009,0.03114482300479487,114.0,0.1014956353771437,0.4461538461538462,0.406,0.232,0.1117082091907757
575526631979,1905,1791,2022,12.676,Gaia DR3 5696874892345682176,12.596,0.004,1.197,1.331,1.067,0.0,0.0,0.0,0.551,0.012,0.551,0.012,11.844,0.026,11.569,0.024,0.4445250999418082,0.579,0.315,0.0,0.0,0.0,0.0,0.0,0.0,EW,EB_EC,EW,DCEP-FO|RRAB|EC|ESD,125.42804,-23.13967,ASAS J082143-2308.4,0.2749999999999986,0.03538361202590826,115.5,0.13165620120689128,0.0,0.0,0.0,0.1341989393260224
584116631721,2946,2818,3068,14.123,Gaia DR3 5321058970417361536,14.32,0.005,1.388,1.484,1.3,0.586,0.286,0.586,0.67,0.018,0.384,0.018,13.366,0.026,13.018,0.037,0.8448362874669406,0.941,0.757,0.175,0.175,0.175,0.075,0.075,0.075,EW,NonVar,EW,RRC,128.04865,-53.54236,ASASSN-V J083211.68-533232.5,0.347999999999999,0.04522167621838005,125.0,0.09213647358775708,0.1923076923076923,0.175,0.09999999999999999,0.09732101399588608
532576972141,2695,2604,2797,14.56,Gaia DR3 5629711057063657984,14.111,0.004,1.488,1.563,1.408,0.47,0.23,0.47,0.967,0.015,0.737,0.015,12.771,0.026,12.356,0.026,0.47820615238621456,0.553,0.398,0.14,0.14,0.14,0.06,0.06,0.06,EW,EB_EC,EW,RRAB,140.9779,-34.53916,WISE J092354.6-343220,0.4150000000000009,0.03676955262170047,96.5,0.07775402134260444,0.15384615384615385,0.14,0.08,0.0831726387398295
455267641946,2095,2022,2146,11.768,Gaia DR3 5313264498138891008,13.671,0.005,1.143,1.251,1.069,0.922,0.435,0.944,1.24,0.016,0.789,0.031,11.996,0.03,11.507,0.026,0.11507986348842925,0.201,0.056,0.275,0.266,0.282,0.118,0.114,0.121,EW,NonVar,EW,RRAB,141.17227,-51.86413,WISE J092441.3-515150,0.48900000000000077,0.039698866482558416,62.0,0.06426314529355992,0.30219780219780223,0.275,0.15714285714285717,0.07606577313760239
566936206544,2720,2613,2827,13.743,Gaia DR3 5250104598858862336,13.624,0.003,0.959,1.046,0.875,0.492,0.241,0.492,0.559,0.008,0.318,0.008,12.86,0.024,12.573,0.026,0.5401554798290056,0.627,0.456,0.147,0.147,0.147,0.063,0.063,0.063,EW,EB_ED,EW,RRC,142.70534,-64.33916,ASASSN-V J093049.28-642021.0,0.28699999999999903,0.03538361202590826,107.0,0.08542189258023518,0.16153846153846152,0.147,0.08399999999999999,0.08993881104389383
395137606177,2502,2417,2581,13.932,Gaia DR3 5418231707830599552,13.548,0.003,1.377,1.452,1.309,0.18,0.088,0.18,1.047,0.01,0.959,0.01,12.096,0.029,11.505,0.026,0.05056347321299475,0.126,-0.017,0.054,0.054,0.054,0.023,0.023,0.023,EW,EB_EC,EW,RRC,148.73435,-43.03283,ASASSN-V J095456.24-430158.2,0.5909999999999993,0.03894868418830089,82.0,0.07116736114321871,0.05934065934065934,0.054,0.030857142857142857,0.07703864804167657
661427551468,3030,2910,3173,13.716,Gaia DR3 5244070135446433152,14.173,0.004,1.176,1.265,1.076,0.59,0.288,0.59,0.998,0.015,0.71,0.015,12.968,0.023,12.533,0.026,0.3847868574884769,0.473,0.285,0.176,0.176,0.176,0.075,0.075,0.075,EW,EB_EC,EW,RRAB,149.61336,-67.92534,WISE J095827.2-675531,0.4350000000000005,0.03471310991541956,131.5,0.09424046925788383,0.19340659340659339,0.176,0.10057142857142856,0.09859019244299175
463856556096,3132,2997,3291,14.001,Gaia DR3 5242332941432688000,13.917,0.005,1.045,1.141,0.937,0.393,0.192,0.393,0.468,0.021,0.276,0.021,13.26,0.024,13.055,0.033,0.6638912330704718,0.76,0.556,0.117,0.117,0.117,0.05,0.05,0.05,EW,EB_EC,EW,RRC,151.35789,-71.53853,WISE J100525.8-713218,0.20500000000000007,0.040804411526206334,147.0,0.10191776634702747,0.1285714285714286,0.11700000000000002,0.06685714285714286,0.10535711222868291
635655603412,441,430,450,9.655,Gaia DR3 5259830741272039424,9.413,0.003,0.654,0.722,0.599,0.537,0.256,0.548,0.368,0.009,0.105,0.015,8.81,0.019,8.669,0.021,0.427807052660807,0.487,0.38,0.16,0.156,0.164,0.069,0.067,0.07,EW,LPV_Mira_AGB_C,EW,EC|RRC|ESD,152.28408,-55.91817,ASAS J100908-5555.1,0.14100000000000001,0.02831960451701259,10.0,0.04923973717723943,0.1758241758241758,0.16,0.09142857142857143,0.05515026488860788
661428954473,1056,1040,1075,11.58,Gaia DR3 1065888497775052416,11.355,0.006,1.189,1.222,1.15,0.048,0.024,0.048,0.797,0.021,0.773,0.021,10.338,0.022,9.966,0.016,0.20568040901103157,0.239,0.167,0.014,0.014,0.014,0.006,0.006,0.006,EB,EB_ESD,EB,RR,155.95648,66.5076,NSVS 2571485,0.3719999999999999,0.027202941017470887,17.5,0.03598557496830921,0.015384615384615384,0.014,0.008,0.04220096688228603
644245787423,1313,1260,1374,12.844,Gaia DR3 5238602642095348480,12.614,0.005,1.197,1.307,1.073,0.826,0.394,0.851,0.735,0.018,0.331,0.028,11.664,0.024,11.271,0.023,0.8256763695526049,0.922,0.72,0.247,0.24,0.254,0.106,0.103,0.109,EW,EB_EC,EW,EC|RRC|ESD,164.02942,-66.72072,ASAS J105607-6643.2,0.3929999999999989,0.03324154027718933,57.0,0.094268033010226,0.2714285714285714,0.247,0.14114285714285713,0.10036210463923652
412317445292,3479,3252,3701,14.776,Gaia DR3 5361605179678049280,14.559,0.004,1.36,1.506,1.225,0.492,0.241,0.492,0.704,0.013,0.463,0.013,13.553,0.024,13.224,0.035,0.6987278562620551,0.845,0.564,0.147,0.147,0.147,0.063,0.063,0.063,EW,EB_EC,EW,RRAB,165.76116,-50.17223,WISE J110302.6-501020,0.3290000000000006,0.04243819034784589,224.5,0.14012519572762291,0.16153846153846152,0.147,0.08399999999999999,0.1429236176344016
652835031988,1820,1769,1874,12.448,Gaia DR3 5343394273524605568,12.243,0.005,0.122,0.188,0.053,0.821,0.399,0.826,0.712,0.018,0.311,0.019,11.124,0.022,10.788,0.023,-0.4213569399253715,-0.359,-0.486,0.245,0.244,0.246,0.105,0.104,0.106,EB,EB_EC,EB,RRAB,173.86558,-55.49122,WISE J113527.7-552928,0.3360000000000003,0.0318276609256791,52.5,0.0626386271975844,0.2692307692307692,0.245,0.13999999999999999,0.07076614739547406
661425066121,1685,1639,1735,11.198,Gaia DR3 5341630042725601792,11.28,0.005,-0.371,-0.297,-0.449,0.518,0.246,0.533,0.322,0.017,0.069,0.023,10.752,0.03,10.682,0.027,-0.5359995260367867,-0.471,-0.603,0.155,0.15,0.159,0.066,0.064,0.068,EB,EB_ED,EB,EC|RRAB|DCEP-FO|ESD,176.717,-59.04767,ASAS J114652-5902.9,0.07000000000000028,0.04036087214122113,48.0,0.06185796774883111,0.17032967032967034,0.155,0.08857142857142858,0.07047452145290119
558346305862,4159,3808,4622,15.28,Gaia DR3 5235490199557556992,15.124,0.007,1.513,1.705,1.284,0.516,0.252,0.516,0.953,0.028,0.701,0.028,13.848,0.033,13.451,0.045,0.5990553981753325,0.791,0.37,0.154,0.154,0.154,0.066,0.066,0.066,EW,EB_EC,EW,RRAB,179.15398,-68.69461,WISE J115636.9-684140,0.39700000000000024,0.055803225713214825,407.0,0.2125004257449188,0.1692307692307692,0.154,0.088,0.21559821646240898
592706027462,1026,978,1079,11.606,Gaia DR3 6073481543550222080,11.49,0.003,0.189,0.312,0.067,1.245,0.599,1.258,0.48,0.007,-0.129,0.017,10.769,0.024,10.573,0.021,0.3412631961210123,0.451,0.229,0.372,0.366,0.375,0.159,0.157,0.161,EW,CEPH_1O,EW,RRC,188.08465,-55.78032,ASASSN-V J123220.32-554649.1,0.19599999999999973,0.03189043743820395,50.5,0.10688046460094645,0.4087912087912088,0.372,0.21257142857142858,0.11568609991400941
618475886268,835,818,853,11.767,Gaia DR3 5855457012068029696,11.51,0.004,1.563,1.612,1.511,0.339,0.163,0.344,0.697,0.016,0.531,0.017,10.506,0.023,10.264,0.021,0.79656762258199,0.842,0.748,0.101,0.1,0.103,0.043,0.043,0.044,EW,EB_EC,EW,RRC|EC|ESD,190.26663,-69.62458,ASAS J124104-6937.4,0.24200000000000088,0.03114482300479487,17.5,0.04550990079824494,0.110989010989011,0.101,0.05771428571428572,0.05198231497986691
644245894612,2610,2468,2726,14.438,Gaia DR3 5857395725966302592,14.1,0.006,1.058,1.186,0.959,0.959,0.465,0.963,1.01,0.024,0.541,0.025,12.707,0.024,12.27,0.029,0.33779746330859833,0.461,0.241,0.286,0.284,0.288,0.123,0.122,0.123,EB,EB_EC,EB,RRAB,196.51622,-67.31901,WISE J130603.8-671908,0.43700000000000117,0.037643060449437424,129.0,0.10732564782666566,0.3142857142857142,0.286,0.1634285714285714,0.11363430239770676
592705875006,2047,1927,2144,14.344,Gaia DR3 5844385582812841088,13.867,0.003,1.426,1.563,1.322,0.885,0.43,0.889,1.022,0.009,0.589,0.01,12.489,0.025,12.135,0.028,0.669410786687471,0.802,0.568,0.264,0.263,0.265,0.113,0.113,0.114,EW,EB_ESD,EW,RRC,201.62372,-68.99778,ASASSN-V J132629.69-685952.0,0.354000000000001,0.03753664875824692,108.5,0.11509758496947439,0.29010989010989013,0.264,0.15085714285714288,0.12070382788381394
506807248296,1963,1907,2024,11.587,Gaia DR3 5863706922725731200,11.601,0.004,-1.061,-0.978,-1.149,1.197,0.575,1.219,0.244,0.011,-0.341,0.024,11.238,0.03,11.174,0.044,-0.5836014980000328,-0.515,-0.657,0.357,0.351,0.364,0.153,0.151,0.156,EW,EB_ESD,EW,RRC,202.65377,-66.09739,ASASSN-V J133036.91-660550.6,0.06400000000000006,0.05325410782277739,58.5,0.06471275392598122,0.3923076923076923,0.357,0.20400000000000001,0.07976359144800714
231928361506,1509,1462,1553,12.267,Gaia DR3 5789779501724358784,12.169,0.004,0.756,0.827,0.69,0.52,0.253,0.523,0.479,0.013,0.225,0.013,11.568,0.026,11.357,0.027,0.51955380112205,0.589,0.456,0.155,0.154,0.156,0.067,0.066,0.067,EW,CEPH_1O,EW,EC|RRC|ESD,203.45575,-76.40494,ASAS J133349-7624.3,0.2110000000000003,0.03748332962798263,45.5,0.06547514554870097,0.17032967032967034,0.155,0.08857142857142858,0.07213351984080339
558345904959,850,813,880,12.012,Gaia DR3 5840830037072775424,11.806,0.004,1.431,1.544,1.343,0.728,0.348,0.741,0.96,0.013,0.604,0.019,10.456,0.025,10.1,0.022,0.5919053714285353,0.693,0.513,0.217,0.213,0.221,0.093,0.091,0.095,EW,EB_ESD,EW,RRAB,205.83387,-70.81686,ASAS J134319-7049.0,0.35599999999999987,0.03330165161069343,33.5,0.0855815596691702,0.23846153846153845,0.217,0.124,0.09176106666450505
609886068136,2249,2181,2325,13.079,Gaia DR3 5871712260708813824,13.063,0.007,0.657,0.743,0.563,0.646,0.306,0.668,0.57,0.023,0.254,0.03,12.358,0.022,12.161,0.025,0.4050527228218406,0.478,0.327,0.193,0.187,0.199,0.083,0.08,0.085,EW,EB_EC,EW,EC|RRC,207.38833,-57.97503,ASAS J134933-5758.6,0.19700000000000095,0.03330165161069343,72.0,0.06951801399963123,0.21208791208791208,0.193,0.11028571428571429,0.075427079158966
446676869396,1602,1521,1699,12.669,Gaia DR3 5845752443239150208,12.422,0.004,0.452,0.567,0.32,0.947,0.461,0.951,0.655,0.013,0.192,0.013,11.603,0.026,11.341,0.023,0.2966874412589066,0.41,0.168,0.283,0.282,0.284,0.121,0.121,0.122,EW,CEPH_1O,EW,RRAB,210.19169,-71.73887,WISE J140046.0-714419,0.26200000000000045,0.03471310991541956,89.0,0.12063735608423659,0.31098901098901094,0.283,0.1617142857142857,0.12661066970439297
455266968117,1842,1719,2019,13.895,Gaia DR3 6090717281659330560,13.28,0.003,1.259,1.418,1.049,0.695,0.335,0.705,1.202,0.008,0.862,0.012,11.675,0.024,11.09,0.019,0.14055187069585015,0.294,-0.061,0.208,0.205,0.21,0.089,0.088,0.09,EW,DSCT,EW,RRC,212.22311,-50.0941,ASASSN-V J140853.55-500538.8,0.5850000000000009,0.030610455730027936,150.0,0.17683000077493963,0.22857142857142856,0.208,0.11885714285714286,0.1796593698476791
627066095933,1710,1665,1755,13.666,Gaia DR3 5893136240434720256,13.452,0.009,1.359,1.442,1.279,0.928,0.441,0.952,0.8,0.037,0.347,0.044,12.162,0.028,11.871,0.029,0.720019448039234,0.785,0.657,0.277,0.27,0.284,0.119,0.116,0.122,EW,EB_EC,EW,RRC,222.54633,-56.21439,WISE J145011.1-561251,0.29100000000000037,0.04031128874149275,45.0,0.05714401077674365,0.3043956043956044,0.277,0.1582857142857143,0.06940265101314642
523986988010,1905,1822,2001,14.519,Gaia DR3 5901033177785127808,14.058,0.008,1.258,1.357,1.147,1.401,0.683,1.405,1.151,0.032,0.466,0.032,12.418,0.023,11.967,0.019,0.6005250999418081,0.698,0.492,0.418,0.417,0.42,0.179,0.179,0.18,EW,EB_EC,EW,RRC,224.80381,-51.17698,ASASSN-V J145912.92-511037.1,0.45099999999999874,0.029832867780352594,89.5,0.10201930742871662,0.4593406593406593,0.418,0.23885714285714285,0.11262406087615112
541166874709,1004,985,1021,12.069,Gaia DR3 5899911190569392640,11.737,0.004,1.258,1.309,1.214,0.47,0.225,0.478,0.823,0.011,0.593,0.014,10.611,0.022,10.248,0.025,0.4623314359549978,0.506,0.423,0.14,0.138,0.143,0.06,0.059,0.061,EB,EB_EC,EB,RRAB,226.11514,-52.81265,WISE J150427.6-524845,0.3630000000000013,0.03330165161069343,18.0,0.038930780250291494,0.15384615384615385,0.14,0.08,0.046857290264125245
463856732168,2244,2150,2351,13.08,Gaia DR3 6004659498680070272,12.895,0.004,0.769,0.862,0.668,0.371,0.181,0.371,0.562,0.016,0.381,0.016,12.252,0.024,12.033,0.024,0.3858857370793831,0.479,0.285,0.111,0.111,0.111,0.048,0.048,0.048,EB,EB_EC,EB,RRAB,226.58116,-41.80693,WISE J150619.4-414824,0.2190000000000012,0.03394112549695428,100.5,0.09725177235132977,0.12197802197802197,0.111,0.06342857142857143,0.10078252440515106
317828543966,1399,1344,1483,12.987,Gaia DR3 5799270176855731840,12.543,0.004,1.548,1.635,1.421,0.266,0.13,0.266,1.013,0.011,0.883,0.011,11.213,0.026,10.623,0.021,0.40491142754086223,0.492,0.278,0.079,0.079,0.079,0.034,0.034,0.034,EW,EB_ESD,EW,RRC,227.22576,-69.59468,ASASSN-V J150854.18-693540.9,0.5899999999999999,0.033421549934136804,69.5,0.10787514829262329,0.08681318681318681,0.079,0.045142857142857144,0.11124503413256462
283468103486,1190,1138,1236,11.358,Gaia DR3 5903239416586145152,11.242,0.003,0.162,0.267,0.074,0.702,0.339,0.708,0.469,0.006,0.126,0.009,10.569,0.024,10.361,0.02,-0.018734806962652534,0.081,-0.102,0.21,0.207,0.211,0.09,0.089,0.091,DSCT,NonVar,DSCT,RRC,227.38948,-48.68572,ASASSN-V J150933.48-484108.6,0.20800000000000018,0.031240998703626618,49.0,0.08941356980361065,0.23076923076923075,0.21,0.12,0.0949304296051859
463857145520,1585,1538,1637,13.306,Gaia DR3 5889717966209213056,13.164,0.009,1.579,1.661,1.489,0.585,0.278,0.605,0.836,0.034,0.55,0.038,11.953,0.024,11.642,0.027,0.777853667231146,0.848,0.702,0.175,0.17,0.181,0.075,0.073,0.077,EW,EB_EC,EW,RRC,230.24585,-51.44975,ASASSN-V J152059.00-512659.1,0.31099999999999994,0.036124783736376884,49.5,0.06781569985555508,0.1923076923076923,0.175,0.09999999999999999,0.0740352561074704
661427754026,4009,3645,4567,15.005,Gaia DR3 6012685800427059584,15.157,0.003,1.586,1.793,1.303,0.556,0.272,0.556,1.291,0.006,1.019,0.006,13.455,0.024,12.865,0.033,0.2738197187473922,0.481,-0.009,0.166,0.166,0.166,0.071,0.071,0.071,EW,NonVar,EW,RRC,232.39338,-37.01678,ASASSN-V J152934.41-370100.4,0.5899999999999999,0.040804411526206334,461.0,0.24970036936567605,0.1824175824175824,0.166,0.09485714285714286,0.251399750320789
446677133492,1680,1634,1723,12.893,Gaia DR3 5987429365523796992,12.675,0.004,0.862,0.925,0.807,0.686,0.334,0.687,0.671,0.012,0.336,0.012,11.744,0.028,11.464,0.028,0.41245359137068693,0.474,0.358,0.205,0.204,0.205,0.088,0.088,0.088,EW,EB_EC,EW,RRC:,234.10706,-45.88694,ASASSN-V J153625.70-455313.0,0.27999999999999936,0.03959797974644667,44.5,0.05751816799016281,0.22527472527472525,0.205,0.11714285714285713,0.06717581148705679
94490116835,377,375,378,11.052,Gaia DR3 1385661079389302400,9.154,0.004,1.175,1.187,1.17,0.097,0.047,0.097,0.482,0.013,0.435,0.013,8.45,0.032,8.26,0.013,0.5392932489710346,0.551,0.534,0.029,0.029,0.029,0.012,0.012,0.012,EW,NonVar,EW,RR:,245.017,45.21667,V0893 Her,0.1899999999999995,0.03453983207834109,1.5,0.008639810647942675,0.031868131868131866,0.028999999999999998,0.01657142857142857,0.033272455996398935
523986410202,827,799,860,12.269,Gaia DR3 6047898927316091648,11.912,0.003,1.282,1.357,1.198,1.042,0.509,1.042,0.82,0.008,0.311,0.008,10.739,0.024,10.373,0.024,0.8404724522372682,0.915,0.756,0.311,0.311,0.311,0.133,0.133,0.133,EB,EB_ESD,EB,RRAB,250.05996,-23.70909,WISE J164014.3-234232,0.36600000000000144,0.03394112549695428,30.5,0.08008453263633118,0.34175824175824177,0.311,0.1777142857142857,0.08920057380745706
455267136201,469,465,474,10.011,Gaia DR3 6031369492307433472,9.016,0.003,0.171,0.194,0.143,0.489,0.237,0.494,0.368,0.006,0.129,0.007,8.462,0.018,8.283,0.027,-0.039864213575417556,-0.02,-0.064,0.146,0.145,0.147,0.063,0.062,0.063,EW,NonVar,EW,ACV|RRAB|EC|ESD,252.20196,-29.15536,ASAS J164849-2909.4,0.17900000000000027,0.0324499614791759,4.5,0.02083502311902594,0.16043956043956042,0.146,0.08342857142857142,0.031165015455961922
472447509576,1300,1273,1329,12.857,Gaia DR3 6033519857846363264,12.603,0.006,1.67,1.716,1.622,0.363,0.178,0.363,0.868,0.025,0.69,0.025,11.338,0.024,11.01,0.021,0.6602832384658145,0.706,0.612,0.108,0.108,0.108,0.046,0.046,0.046,EB,EB_EC,EB,EC|RRAB|ESD,253.44971,-27.06308,ASAS J165348-2703.9,0.3279999999999994,0.03189043743820395,28.0,0.04677017497419634,0.11868131868131868,0.108,0.061714285714285715,0.05366646315080715
661427940152,2225,2137,2330,14.284,Gaia DR3 6027647542395069696,14.028,0.006,1.096,1.184,0.996,1.195,0.584,1.195,1.078,0.023,0.494,0.023,12.475,0.022,12.126,0.024,0.38134992341524776,0.469,0.281,0.357,0.357,0.357,0.153,0.153,0.153,EW,EB_EC,EW,RRAB,253.8288,-31.99011,WISE J165518.9-315924,0.3490000000000002,0.032557641192199414,96.5,0.09417846630036807,0.3923076923076923,0.357,0.20400000000000001,0.1030925482985534
575525653201,1669,1626,1718,13.222,Gaia DR3 5970432324518164224,12.896,0.006,0.332,0.425,0.225,1.452,0.691,1.496,1.059,0.025,0.35,0.047,11.598,0.024,11.141,0.019,0.05271831660376752,0.12,-0.024,0.433,0.422,0.447,0.186,0.181,0.191,EB,EB_EC,EB,RRAB,254.13352,-38.51569,WISE J165632.0-383056,0.45700000000000074,0.030610455730027936,46.0,0.059848850112491254,0.4758241758241758,0.433,0.24742857142857141,0.07767093960927372
584116433249,1589,1531,1647,11.929,Gaia DR3 5978413228421896448,11.805,0.004,-0.076,0.037,-0.185,0.875,0.412,0.907,0.564,0.011,0.137,0.033,10.886,0.027,10.641,0.027,-0.38061948603689977,-0.291,-0.468,0.261,0.252,0.271,0.112,0.108,0.116,EB,EB_ESD,EB,RRAB,255.74517,-33.77432,WISE J170258.8-334627,0.24499999999999922,0.03818376618407356,58.0,0.079260792795433,0.2868131868131868,0.261,0.14914285714285713,0.08770680289784004
661427594478,2805,2662,2986,14.137,Gaia DR3 5913683471363596416,14.287,0.007,1.615,1.729,1.48,0.432,0.211,0.432,0.82,0.027,0.609,0.027,13.111,0.057,12.736,0.04,0.7423356720390983,0.856,0.607,0.129,0.129,0.129,0.055,0.055,0.055,EB,EB_EC,EB,RRAB,257.32611,-61.23226,WISE J170918.2-611356,0.375,0.06963476143421474,162.0,0.12541124076350585,0.14175824175824175,0.129,0.07371428571428572,0.13835963757484346
661428884291,1245,1227,1262,12.483,Gaia DR3 1360345438339735552,12.242,0.006,1.621,1.653,1.592,0.145,0.071,0.145,0.676,0.021,0.605,0.021,11.302,0.022,11.038,0.023,0.7831532428412241,0.815,0.754,0.043,0.043,0.043,0.019,0.019,0.019,EW,EB_EC,EW,RRC,261.19305,43.83936,ROTSE1 J172446.33+435021.7,0.26399999999999935,0.0318276609256791,17.5,0.030522704551433355,0.047252747252747244,0.043,0.024571428571428567,0.037869849394130024
627065234508,2417,2158,2680,12.69,Gaia DR3 5810930227092511744,12.659,0.006,0.533,0.779,0.308,0.21,0.103,0.21,0.552,0.023,0.449,0.023,12.031,0.024,11.778,0.024,0.051616747961749254,0.298,-0.173,0.063,0.063,0.063,0.027,0.027,0.027,EW,EB_EC,EW,RRC|EC,262.46442,-69.84619,ASAS J172951-6950.8,0.2530000000000001,0.03394112549695428,261.0,0.23448667723779212,0.06923076923076923,0.063,0.036000000000000004,0.23579586892484036
317828069694,3133,2965,3296,14.255,Gaia DR3 5948917355857278080,14.174,0.005,1.155,1.275,1.045,0.539,0.263,0.539,0.746,0.021,0.483,0.021,13.074,0.026,12.845,0.024,0.43319802559147247,0.553,0.323,0.161,0.161,0.161,0.069,0.069,0.069,EW,LPV_Mira_AGB_C,EW,RRC,265.85337,-46.57206,ASASSN-V J174324.81-463419.4,0.2289999999999992,0.03538361202590826,165.5,0.1147075275374851,0.17692307692307693,0.161,0.09200000000000001,0.1187140550809503
412317177640,1367,1338,1400,12.547,Gaia DR3 5958256843820503296,12.43,0.005,1.142,1.202,1.075,0.609,0.291,0.624,0.625,0.02,0.327,0.024,11.46,0.026,11.203,0.026,0.5991574271608902,0.65,0.543,0.182,0.178,0.186,0.078,0.076,0.08,EW,EB_EC,EW,EC|RRC|ESD,267.24354,-38.89328,ASAS J174858-3853.6,0.25700000000000145,0.03676955262170047,31.0,0.0492433392062941,0.19999999999999998,0.182,0.104,0.05858452403311084
661427737981,2656,2470,2849,14.303,Gaia DR3 4036588424377853440,14.184,0.017,1.012,1.206,0.822,1.051,0.496,1.089,0.909,0.077,0.395,0.085,12.726,0.024,12.345,0.026,0.29085964652009905,0.46,0.128,0.314,0.303,0.325,0.135,0.13,0.139,EW,EB_EC,EW,RR,268.76233,-38.54619,V0871 Sco,0.3810000000000002,0.03538361202590826,189.5,0.15492997801330236,0.34505494505494505,0.314,0.17942857142857144,0.15989139466275962
489626898019,1596,1552,1656,12.825,Gaia DR3 4039078886963408512,12.821,0.005,1.227,1.291,1.146,0.579,0.282,0.58,0.789,0.021,0.506,0.021,11.846,0.036,11.529,0.039,0.6578355649264491,0.72,0.578,0.173,0.172,0.173,0.074,0.074,0.074,EB,EB_EC,EB,RRAB,271.60545,-35.02686,WISE J180625.3-350136,0.31700000000000017,0.0530754180388624,52.0,0.07074972762834927,0.1901098901098901,0.173,0.09885714285714285,0.08124539346624896
395137519501,467,462,471,10.222,Gaia DR3 4495340993673442304,10.145,0.004,1.556,1.58,1.538,0.242,0.118,0.242,0.54,0.017,0.422,0.017,9.262,0.023,9.031,0.022,0.8434155971694387,0.867,0.825,0.072,0.072,0.072,0.031,0.031,0.031,EW,NonVar,EW,RRC|ESD,272.64821,11.95419,ASAS J181035+1157.2,0.23099999999999987,0.0318276609256791,4.5,0.020924252340092427,0.07912087912087912,0.072,0.04114285714285714,0.03191652136420671
377957550082,1998,1790,2201,13.603,Gaia DR3 4498652963220917376,13.408,0.004,1.421,1.66,1.211,0.484,0.237,0.484,0.61,0.013,0.373,0.013,12.487,0.021,12.296,0.025,0.8390225805501834,1.078,0.629,0.145,0.145,0.145,0.062,0.062,0.062,EB,EB_EC,EB,RRAB,272.86704,15.38103,WISE J181128.0+152251,0.19100000000000072,0.03264965543462902,205.5,0.2233421322100056,0.15934065934065933,0.145,0.08285714285714285,0.22479536921411797
180388713236,2530,2444,2617,14.478,Gaia DR3 4529737840566868608,14.096,0.004,1.765,1.84,1.692,0.315,0.154,0.315,0.848,0.013,0.694,0.013,12.959,0.025,12.63,0.019,0.8493973941209111,0.924,0.776,0.094,0.094,0.094,0.04,0.04,0.04,EB,EB_EC,EB,RRAB,274.51454,22.15758,WISE J181803.4+220927,0.32899999999999885,0.031400636936215164,86.5,0.07424204087871793,0.10329670329670329,0.094,0.053714285714285714,0.07890019413054206
317828223262,2257,2154,2357,14.878,Gaia DR3 4484099518086350592,14.289,0.005,1.404,1.506,1.31,1.117,0.546,1.117,1.175,0.017,0.629,0.017,12.778,0.021,12.37,0.024,0.6763422046111898,0.778,0.582,0.334,0.334,0.334,0.143,0.143,0.143,EB,EB_EC,EB,RRAB,278.11591,12.09021,WISE J183227.8+120524,0.40800000000000125,0.03189043743820395,101.5,0.09765372156220659,0.36703296703296706,0.334,0.1908571428571429,0.10532240661392508
429497042214,975,953,995,12.227,Gaia DR3 4092445741020117760,11.919,0.005,1.197,1.26,1.142,0.777,0.373,0.788,0.73,0.023,0.35,0.026,10.917,0.021,10.646,0.021,0.7399769215073146,0.794,0.693,0.232,0.228,0.235,0.099,0.098,0.101,EW,EB_EC,EW,EC|RRC,278.99,-19.49689,ASAS J183558-1929.8,0.270999999999999,0.029698484809835,21.0,0.04677017497419634,0.2549450549450549,0.23199999999999998,0.13257142857142856,0.056273344197025836
403727220769,317,314,319,9.322,Gaia DR3 4202775311937586176,8.651,0.003,0.916,0.938,0.901,0.23,0.111,0.231,0.477,0.009,0.365,0.009,7.997,0.024,7.805,0.024,0.42270368891124205,0.444,0.409,0.069,0.068,0.069,0.029,0.029,0.03,EW,LPV_Mira_AGB_C,EW,EC|RRC|ESD,284.42125,-9.77606,ASAS J185741-0946.6,0.19200000000000017,0.03394112549695428,2.5,0.01712517673120078,0.07582417582417583,0.069,0.03942857142857143,0.03028005412932514
231929332728,2550,2445,2650,15.156,Gaia DR3 4507684420465235584,14.319,0.006,0.939,1.046,0.843,1.347,0.651,1.36,1.434,0.022,0.776,0.026,12.523,0.022,12.121,0.024,0.08829909783022416,0.184,0.001,0.402,0.398,0.406,0.172,0.17,0.174,EB,EB_EC,EB,RRAB,284.80899,15.24865,WISE J185914.1+151455,0.40199999999999925,0.032557641192199414,102.5,0.08728467528447707,0.44175824175824174,0.402,0.2297142857142857,0.0985832366049959
309237870661,2521,2444,2613,12.992,Gaia DR3 4269014286099079808,12.656,0.004,-0.636,-0.528,-0.765,1.284,0.607,1.335,0.822,0.016,0.194,0.048,11.631,0.028,11.442,0.026,-0.7598642283822317,-0.681,-0.854,0.383,0.371,0.399,0.164,0.159,0.171,EW,EB_ESD,EW,RRAB,287.30947,3.32899,WISE J190914.2+031944,0.18900000000000006,0.0382099463490856,84.5,0.07278437866089801,0.4208791208791209,0.383,0.21885714285714286,0.08688184952596824
223338530823,965,955,975,13.265,Gaia DR3 4321080151730176256,12.593,0.006,1.316,1.353,1.28,1.354,0.655,1.368,1.249,0.022,0.587,0.026,11.053,0.027,10.569,0.022,0.7263634332810368,0.753,0.7,0.404,0.4,0.408,0.173,0.171,0.175,DSCT,DSCT,DSCT,RRC,289.86302,16.11049,ASASSN-V J191927.12+160637.8,0.484,0.034828149534535995,10.0,0.022502304761826516,0.443956043956044,0.404,0.23085714285714287,0.05354917104488286
335007579497,1961,1890,2030,13.469,Gaia DR3 4084411437757800448,13.276,0.007,1.523,1.603,1.448,0.291,0.142,0.291,0.784,0.025,0.642,0.025,12.192,0.021,11.879,0.026,0.6426120316610804,0.723,0.568,0.087,0.087,0.087,0.037,0.037,0.037,EB,EB_EC,EB,RRAB,290.77977,-17.99842,WISE J192307.1-175954,0.3130000000000006,0.033421549934136804,70.0,0.07751303858548603,0.0956043956043956,0.087,0.04971428571428571,0.0807772316358703
206158629336,1915,1863,1973,13.802,Gaia DR3 2025351824883000704,13.605,0.006,1.507,1.575,1.433,0.687,0.332,0.696,0.777,0.024,0.441,0.025,12.439,0.027,12.149,0.023,0.823156108476793,0.885,0.755,0.205,0.203,0.208,0.088,0.087,0.089,EW,EB_EC,EW,RR,293.22348,27.85182,WISE J193253.6+275106,0.2900000000000009,0.0354682957019364,55.0,0.06236604831508837,0.22527472527472525,0.205,0.11714285714285713,0.07098432208903552
17180485177,2288,2209,2386,12.957,Gaia DR3 2026256207548584704,12.823,0.004,0.598,0.677,0.504,0.428,0.208,0.431,0.93,0.014,0.721,0.014,11.469,0.036,10.951,0.03,-0.4562801006049336,-0.379,-0.548,0.128,0.127,0.129,0.055,0.054,0.055,EW,EB_EC,EW,RRC,293.24123,28.63224,ASASSN-V J193257.90+283756.1,0.5179999999999989,0.046861498055439925,88.5,0.08399270465130633,0.14065934065934066,0.128,0.07314285714285715,0.09227466843420017
317828245868,2898,2750,3062,14.757,Gaia DR3 4315258581283321344,14.424,0.009,1.465,1.579,1.345,0.649,0.317,0.649,0.766,0.033,0.449,0.033,13.255,0.024,12.966,0.036,0.7505080943242222,0.865,0.631,0.194,0.193,0.194,0.083,0.083,0.083,EW,EB_EC,EW,RRC,294.61119,12.10161,ASASSN-V J193826.69+120605.8,0.2890000000000015,0.04326661530556787,156.0,0.11689085434249012,0.21318681318681318,0.194,0.11085714285714286,0.12089595455976697
231929247209,607,591,626,10.471,Gaia DR3 1803114067865080832,10.697,0.003,1.717,1.794,1.624,0.064,0.022,0.09,0.583,0.008,0.552,0.023,9.437,0.018,9.2,0.016,0.502056544623713,0.566,0.427,0.019,0.013,0.027,0.008,0.006,0.012,EW,NonVar,EW,RRC|EC|ESD,302.31371,12.94008,ASAS J200915+1256.4,0.2370000000000001,0.024083189157584593,17.5,0.06260422926941438,0.020879120879120878,0.019,0.010857142857142857,0.06516824013595426
60129640576,1628,1596,1664,12.742,Gaia DR3 2058768422757539840,12.331,0.004,0.18,0.245,0.108,1.093,0.523,1.117,0.889,0.016,0.355,0.028,11.055,0.021,10.746,0.02,-0.329272002765911,-0.28,-0.384,0.326,0.32,0.333,0.14,0.137,0.143,DSCT,DSCT,DSCT,RRC,302.55879,35.08067,GSC 02679-00626,0.3089999999999993,0.029,34.0,0.04535016088670319,0.35824175824175825,0.326,0.1862857142857143,0.059669063110206984
17180595243,2531,2438,2626,14.104,Gaia DR3 2290477166714503936,13.771,0.004,1.246,1.327,1.166,0.509,0.249,0.509,0.765,0.012,0.516,0.012,12.684,0.023,12.408,0.026,0.5155392742087265,0.597,0.436,0.152,0.152,0.152,0.065,0.065,0.065,EB,EB_EC,EB,RRAB,302.95323,77.10556,WISE J201148.7+770620,0.2759999999999998,0.03471310991541956,94.0,0.08064733563592585,0.16703296703296702,0.152,0.08685714285714285,0.08522929511132704
85900447988,490,483,500,9.789,Gaia DR3 2081659636363279104,9.506,0.005,0.672,0.708,0.62,0.383,0.184,0.391,0.618,0.018,0.431,0.019,8.585,0.021,8.352,0.027,0.02001959985743161,0.052,-0.027,0.114,0.113,0.117,0.049,0.048,0.05,EW,NonVar,EW,RR,304.71402,45.35873,NSVS 5725819,0.23300000000000054,0.03420526275297414,8.5,0.03766839894058816,0.12527472527472527,0.114,0.06514285714285714,0.04460793963799834
214748970760,1733,1695,1770,13.165,Gaia DR3 1815195050651567104,12.879,0.004,1.467,1.515,1.421,0.218,0.107,0.218,0.74,0.013,0.633,0.013,11.88,0.023,11.608,0.021,0.6210071864304179,0.669,0.575,0.065,0.065,0.065,0.028,0.028,0.028,EB,EB_EC,EB,RRAB,306.902,18.4045,WISE J202736.4+182416,0.27200000000000024,0.03114482300479487,37.5,0.046988006553294694,0.07142857142857142,0.065,0.037142857142857144,0.05271738574561968
154618977664,3087,2919,3263,15.264,Gaia DR3 1859087490419054976,14.736,0.004,1.35,1.472,1.23,0.938,0.458,0.938,1.199,0.014,0.741,0.014,13.196,0.023,12.739,0.026,0.4683168525895234,0.59,0.348,0.28,0.28,0.28,0.12,0.12,0.12,EB,EB_EC,EB,RRAB,311.32844,30.04965,WISE J204518.8+300258,0.45699999999999896,0.03471310991541956,172.0,0.12098906849264544,0.3076923076923077,0.28,0.16,0.12629867257702296
25770592474,981,972,989,12.284,Gaia DR3 2271497190837777280,11.795,0.003,0.747,0.767,0.729,1.09,0.533,1.09,1.006,0.008,0.473,0.008,10.459,0.026,10.172,0.023,0.17565496310025636,0.196,0.158,0.325,0.325,0.325,0.139,0.139,0.139,EB,EB_EC,EB,RRAB,311.97799,70.72627,WISE J204754.7+704334,0.28699999999999903,0.03471310991541956,8.5,0.018815000490202037,0.35714285714285715,0.325,0.18571428571428572,0.04567553221853363
197569757681,1543,1516,1574,12.418,Gaia DR3 1814552630919370368,12.234,0.006,0.953,0.992,0.91,0.339,0.166,0.339,0.611,0.025,0.445,0.025,11.352,0.022,11.11,0.018,0.30917036968425915,0.348,0.266,0.101,0.101,0.101,0.043,0.043,0.043,EB,EB_EC,EB,RRAB|EC|ESD,312.71079,20.43942,ASAS J205051+2026.3,0.24200000000000088,0.02842534080710379,29.0,0.040811859932580366,0.110989010989011,0.101,0.05771428571428572,0.04745121611883681
146028967763,657,647,664,11.046,Gaia DR3 2195928718736318976,10.735,0.003,1.17,1.209,1.142,0.477,0.23,0.482,0.788,0.006,0.555,0.008,9.728,0.027,9.379,0.022,0.4981731522010969,0.532,0.473,0.142,0.141,0.144,0.061,0.06,0.062,DSCT,NonVar,DSCT,RRC,315.02546,62.057,CzeV1628,0.3490000000000002,0.034828149534535995,8.5,0.02809363086893181,0.15604395604395602,0.142,0.08114285714285713,0.041471581780778484
42949997159,2001,1951,2055,13.526,Gaia DR3 1852184103578342400,13.163,0.005,1.245,1.3,1.187,0.412,0.201,0.412,0.843,0.02,0.642,0.02,11.978,0.022,11.615,0.018,0.348764556818945,0.404,0.291,0.123,0.123,0.123,0.053,0.053,0.053,EB,EB_EC,EB,RRAB,316.07768,29.25503,WISE J210418.6+291518,0.36299999999999955,0.02842534080710379,52.0,0.056430067613615915,0.13516483516483516,0.123,0.07028571428571428,0.06180325663650148
111670081499,2006,1896,2110,13.615,Gaia DR3 2165352090657493376,13.052,0.006,0.679,0.849,0.526,0.861,0.398,0.905,1.081,0.023,0.66,0.05,11.679,0.021,11.278,0.021,-0.08965464342199458,0.047,-0.212,0.257,0.243,0.27,0.11,0.104,0.116,DSCT,DSCT,DSCT,RRC,317.3825,48.17989,ASASSN-V J210931.80+481047.6,0.4009999999999998,0.029698484809835,107.0,0.1158262950240477,0.2824175824175824,0.257,0.14685714285714285,0.1204874292986523
575525971411,2993,2847,3191,13.517,Gaia DR3 6464481725343739136,13.48,0.006,1.021,1.13,0.882,0.078,0.038,0.078,0.355,0.024,0.317,0.024,13.033,0.026,12.816,0.03,0.6294664157990418,0.738,0.49,0.023,0.023,0.023,0.01,0.01,0.01,DSCT,DSCT,DSCT,RRC,318.52312,-53.13025,ASAS J211406-5307.8,0.21699999999999875,0.039698866482558416,172.0,0.12478892563875593,0.025274725274725275,0.023,0.013142857142857144,0.12748947392657545
82304,3805,3384,4364,14.685,Gaia DR3 6355776687197185408,14.246,0.005,0.853,1.108,0.556,0.491,0.24,0.491,0.986,0.018,0.746,0.018,13.015,0.023,12.642,0.03,-0.03377330553295518,0.221,-0.331,0.147,0.147,0.147,0.063,0.063,0.063,EB,EB_EC,EB,RRAB,319.49669,-79.27873,WISE J211759.2-791643,0.3730000000000011,0.037802116342871596,490.0,0.27963770845281655,0.16153846153846152,0.147,0.08399999999999999,0.2809667916120025
68719660797,1618,1501,1760,11.727,Gaia DR3 1979376570762221312,11.696,0.004,0.041,0.234,-0.177,0.61,0.284,0.645,0.558,0.011,0.26,0.033,10.683,0.026,10.471,0.02,-0.5438925863812663,-0.372,-0.738,0.182,0.173,0.193,0.078,0.074,0.083,EW,CEPH_Other,EW,RRAB,328.71246,48.78372,WISE J215450.9+484701,0.21199999999999974,0.03280243893371345,129.5,0.17379831707809365,0.19999999999999998,0.182,0.104,0.17667228141159433
292058188059,1095,1075,1119,12.02,Gaia DR3 2670534489112859776,11.618,0.006,1.276,1.316,1.229,0.145,0.071,0.145,0.85,0.027,0.779,0.027,10.529,0.024,10.176,0.021,0.2889294041193146,0.329,0.242,0.043,0.043,0.043,0.019,0.019,0.019,EB,EB_EC,EB,RR,329.37335,-3.11142,NSVS 14484499,0.35299999999999976,0.03189043743820395,22.0,0.0436277561729294,0.047252747252747244,0.043,0.024571428571428567,0.049978706552736826
111669438111,1176,1157,1194,12.068,Gaia DR3 1976546771426176128,11.593,0.003,0.706,0.745,0.67,0.535,0.26,0.538,1.004,0.008,0.743,0.009,10.222,0.024,9.88,0.022,-0.2900366087005998,-0.254,-0.324,0.16,0.159,0.161,0.068,0.068,0.069,EB,CEPH_Other,EB,RRAB,331.39729,48.72435,WISE J220535.3+484327,0.34199999999999875,0.032557641192199414,18.5,0.034160067666709856,0.1758241758241758,0.16,0.09142857142857143,0.04470917381247608
68719552930,2691,2569,2801,14.211,Gaia DR3 1905448260755818880,13.92,0.004,1.552,1.653,1.465,0.218,0.107,0.218,0.713,0.016,0.606,0.016,12.974,0.029,12.733,0.025,0.7594315111812278,0.86,0.672,0.065,0.065,0.065,0.028,0.028,0.028,EW,EB_EC,EW,RRAB,334.73357,34.39552,WISE J221856.0+342343,0.24099999999999966,0.038288379438153296,116.0,0.0936049050553274,0.07142857142857142,0.065,0.037142857142857144,0.09820961383905781
85900518474,1614,1545,1698,12.722,Gaia DR3 2000362979249396480,12.604,0.004,1.322,1.417,1.212,0.242,0.118,0.242,0.698,0.011,0.58,0.011,11.745,0.025,11.479,0.021,0.6334823480697419,0.728,0.523,0.072,0.072,0.072,0.031,0.031,0.031,EW,EB_EC,EW,RRAB,338.65938,51.37764,WISE J223438.2+512239,0.266,0.03264965543462902,76.5,0.10292294877818699,0.07912087912087912,0.072,0.04114285714285714,0.10616013086463912
60129876405,1391,1373,1411,14.153,Gaia DR3 2227284282097912064,13.385,0.004,1.53,1.559,1.499,1.138,0.556,1.138,1.321,0.015,0.765,0.015,11.665,0.022,11.193,0.025,0.6083643500397675,0.637,0.577,0.34,0.34,0.34,0.146,0.146,0.146,EB,EB_ESD,EB,RRAB,351.67583,71.16694,WISE J232642.1+711000,0.47199999999999953,0.03330165161069343,19.0,0.02966065836147298,0.37362637362637363,0.34,0.19428571428571428,0.05019715783225199
85900589479,2090,2023,2162,14.474,Gaia DR3 1998973303935363072,13.859,0.005,0.657,0.934,0.514,1.601,0.682,1.671,1.28,0.016,0.498,0.136,12.152,0.031,11.694,0.03,0.0732685694447282,0.206,-0.021,0.478,0.416,0.499,0.205,0.179,0.214,EB,EB_EC,EB,RRAB,354.21032,58.0971,WISE J233650.4+580549,0.4579999999999984,0.04313930922024598,69.5,0.07220924998152152,0.5252747252747252,0.4779999999999999,0.27314285714285713,0.09197834409736819
137440314659,3049,2890,3227,14.582,Gaia DR3 1993561335903168768,14.382,0.008,1.549,1.666,1.426,0.412,0.201,0.412,0.785,0.03,0.584,0.03,13.315,0.024,12.997,0.03,0.7712128781730947,0.888,0.648,0.123,0.123,0.123,0.053,0.053,0.053,EW,EB_EC,EW,RRC,358.70001,53.99216,ASASSN-V J235448.00+535931.8,0.3179999999999996,0.03841874542459709,168.5,0.12000429681977358,0.13516483516483516,0.123,0.07028571428571428,0.12299724084388365
