# "asas_sn_id":661428856578,"ra_deg":67.1465,"dec_deg":39.38411,"name":"CSS_J042835.1+392302"
asas_sn_id,jd,flux,flux_err,mag,mag_err,limit,fwhm,image_id,camera,quality,phot_filter
661428856578,2457007.8788583,2.7288426066039104,0.07107411016142569,15.369835186315733,0.028310342040177797,17.583077815961097,1.45,bd075487,bd,G,V
661428856578,2457008.8903873,3.049919341585048,0.05843901045100122,15.249060519238324,0.02082699783814125,17.79559926015974,1.56,bd075878,bd,G,V
661428856578,2457009.8945494,3.0040020484059657,0.06137852387023298,15.265530843331216,0.022208968482851896,17.742315294659377,1.51,bd076278,bd,G,V
661428856578,2457010.892494,2.8157514254879596,0.049353345628285326,15.335795622894267,0.01905173177387761,17.97906489738098,1.54,bd076685,bd,G,V
661428856578,2457011.8871767,2.6530081026027266,0.06349059705178021,15.40043496358842,0.026012554755049617,17.705582865915684,1.45,bd077086,bd,G,V
661428856578,2457021.8616674,2.9696983420971272,0.08894428952328498,15.278000563224161,0.03255501550386967,17.339561217746173,1.54,bd079307,bd,G,V
661428856578,2457037.8377034,3.0362003071558794,0.05019073579039217,15.253955354851952,0.017968230709177475,17.96079748758772,1.46,bd083125,bd,G,V
661428856578,2457038.8408421,2.852305333735586,0.0495547381038782,15.321791369398145,0.018884319686259185,17.974643430579697,1.50,bd083545,bd,G,V
661428856578,2457040.8273304,2.633435616939913,0.05257460643631217,15.408474641878097,0.021700288010163066,17.910416317869142,1.46,bd084366,bd,G,V
661428856578,2457043.8231783,2.9371115851717304,0.06267400975708641,15.289980288717494,0.02319418982681375,17.719637691486252,1.51,bd085498,bd,G,V
661428856578,2457046.8179367,2.9927403823012515,0.05489894268064675,15.269608795029557,0.019939171515247385,17.86344644295165,1.51,bd086732,bd,G,V
661428856578,2457054.775865,2.813746675250626,0.12844454141611625,15.33656891741084,0.049618408509217955,16.940567262366283,1.54,bd089580,bd,G,V
661428856578,2457061.7977455,2.839939274659711,0.06694485557136398,15.326508770035097,0.025622430736268915,17.648063371330448,2.15,bd090815,bd,G,V
661428856578,2457065.8004433,2.6747472669847494,0.060314582698940536,15.39157452342697,0.02451047612228903,17.76130057518357,2.01,bd091632,bd,G,V
661428856578,2457070.7812806,2.9283866056489605,0.06100029396966887,15.293210375176445,0.02264204706797651,17.749026573809967,1.54,bd092731,bd,G,V
661428856578,2457084.7798046,2.7295264313633805,0.6068514172103968,15.254650467408306,99.999,15.254650467408306,1.50,bd096240,bd,B,V
661428856578,2457102.7411161,2.3702717511326794,0.08512830341335564,15.522786052939379,0.03903804048439459,17.387171448442228,1.66,bd099711,bd,G,V
661428856578,2457227.1235109,2.982369764943894,0.10796750322632652,15.273377684894191,0.03934990997669063,17.12912374785796,1.64,bd127848,bd,G,V
661428856578,2457228.1211528,2.8160526188580945,0.10300044852337467,15.335679490818531,0.03975671779525771,17.180258603981912,1.57,bd128163,bd,G,V
661428856578,2457236.1091986,2.775131146093466,0.142198868746922,15.35157262534873,0.05569610214132482,16.83011604015607,1.52,bd130222,bd,G,V
661428856578,2457246.1145648,3.039744110959284,0.06636550399506098,15.252688840129816,0.02373108220717006,17.65750040148815,1.63,bd132756,bd,G,V
661428856578,2457262.0358155,2.9541824640048233,0.1106735097877061,15.283688114904535,0.04072100986085544,17.102247186325386,1.46,bd135063,bd,G,V
661428856578,2457273.1447951,3.455199491964741,0.3699592244451218,15.113598586559597,0.11638389989444911,15.79197174279549,1.47,bd137953,bd,G,V
661428856578,2457276.0738318,2.851883368670051,0.07572361441299942,15.321952003196754,0.028861024767030577,17.514278055231035,1.55,bd138988,bd,G,V
661428856578,2457288.0047913,3.0219005271406454,0.07368914430592509,15.259080993444725,0.02650547073450155,17.54384761009736,1.63,bd140632,bd,G,V
661428856578,2457303.1390589,2.993507355865868,0.07284540552203678,15.269330580358806,0.026450507447644767,17.55635098039718,2.07,bd143736,bd,G,V
661428856578,2457303.9479803,2.7568156560842056,0.04419018751143546,15.358762088293243,0.017423295027515873,18.099041782676338,1.46,bd143992,bd,G,V
661428856578,2457305.0079074,2.8886398639268216,0.055099978707323166,15.308047903712898,0.020733384577126146,17.85947781611617,1.50,bd144423,bd,G,V
661428856578,2457308.971572,2.951768210942338,0.046722956687313515,15.284575776264294,0.01720522034824584,18.03853059949297,1.44,bd145603,bd,G,V
661428856578,2457314.8997311,3.008124956132155,0.07205230432420057,15.264041722796826,0.02603539521583679,17.568236707023924,1.46,bd147218,bd,G,V
661428856578,2457317.884566,2.9747520441027486,0.09939254491355497,15.276154475461286,0.036317438665253145,17.218971866897103,1.43,bd148384,bd,G,V
661428856578,2457319.0460997,2.682840119740858,0.060811573612606085,15.388294423902384,0.024637896253700765,17.752390789337458,1.48,bd149010,bd,G,V
661428856578,2457319.8790069,3.026936804474596,0.10419413168588304,15.257273019580515,0.03741554524544315,17.167748244257787,1.56,bd149281,bd,G,V
661428856578,2457322.8739448,2.8080124807739844,0.1755301110417695,15.338783820089786,0.06794613637395794,16.601477324755262,1.65,bd150488,bd,G,V
661428856578,2457328.0274731,2.7718235689959183,0.05805201030785011,15.352867446314436,0.02276480072901704,17.802813234416853,1.51,bd151889,bd,G,V
661428856578,2457328.8985906,2.571365797127564,0.06695798160701665,15.434371747357861,0.028304185608884366,17.647850509340678,1.44,bd152216,bd,G,V
661428856578,2457332.9882798,3.069934039493867,0.05156773277302078,15.241958793667331,0.018258334781087602,17.93141129958964,1.56,bd153347,bd,G,V
661428856578,2457342.8631484,3.2086038104131753,0.06750647018913712,15.193991167226844,0.022868700022587705,17.638992893718882,1.58,bd154862,bd,G,V
661428856578,2457358.0315952,2.8445584255146406,0.05813570605590554,15.324744258661605,0.02221469043369816,17.801249015368406,1.46,bd157844,bd,G,V
661428856578,2457358.9863923,2.735092706727225,0.06599440392271984,15.367351275889332,0.02622691639140875,17.663588617266296,1.51,bd158245,bd,G,V
661428856578,2457359.9370884,2.810737492055302,0.07210926935861356,15.337730687755094,0.027885791835321815,17.567378655853886,1.48,bd158641,bd,G,V
661428856578,2457360.8447711,2.8079501494112904,0.04740226695958345,15.338807921182198,0.018349400977699337,18.022858614149143,1.44,bd159005,bd,G,V
661428856578,2457362.9337001,3.1618028703720578,0.0630554837269609,15.209944431053417,0.021677053275737792,17.713049239409802,1.49,bd159938,bd,G,V
661428856578,2457365.8147861,2.5641970279922113,0.058853518627506776,15.437402923302667,0.024947855098932825,17.787925311759366,1.50,bd161154,bd,G,V
661428856578,2457366.8776218,3.0572832670431134,0.05506793859633736,15.24644220611983,0.01957831504893877,17.86010934497382,1.60,bd161640,bd,G,V
661428856578,2457369.8975021,2.962076502697224,0.058288855083779074,15.280790726962357,0.021389539102156328,17.798392581321043,1.47,bd162611,bd,G,V
661428856578,2457377.8149136,2.7226773545512435,0.08724339917307372,15.372290956547346,0.03482960680278356,17.360524948184988,1.61,bd164210,bd,G,V
661428856578,2457384.9440383,2.299451261207262,0.09692732116337537,15.555720882584929,0.04581779385831383,17.246240868540596,1.58,bd165820,bd,G,V
661428856578,2457385.8326476,2.5204663727017067,0.059573038145170246,15.456079135548253,0.025691000297812835,17.77473202092534,1.56,bd165983,bd,G,V
661428856578,2457386.718954,2.719317791449786,0.05434120687670819,15.373631494220364,0.021721083648087457,17.874533194832484,1.89,bd166314,bd,G,V
661428856578,2457389.843732,2.6459729418175897,0.04993842512860268,15.403317907759975,0.020514532110683246,17.966269288163158,1.78,bd167653,bd,G,V
661428856578,2457390.8190363,2.6897258891673888,0.04516699160082403,15.38551134659998,0.018252624286205443,18.0753034815679,1.47,bd167915,bd,G,V
661428856578,2457392.8788821,2.545914860867452,0.048740868636068954,15.445171714229291,0.020809495970793835,17.992623231919872,1.65,bd168830,bd,G,V
661428856578,2457395.8519692,3.0104695681101776,0.04452452500228997,15.26319580096934,0.016075971450180374,18.090858156156525,1.72,bd169699,bd,G,V
661428856578,2457398.8454876,2.7278186695340927,0.059829379103727875,15.370242660961814,0.023840270079061823,17.770070154047342,1.42,bd170979,bd,G,V
661428856578,2457403.7297057,2.6689031185096983,0.05750235373774371,15.393949381682067,0.02341881875633316,17.813142338718407,1.50,bd172604,bd,G,V
661428856578,2457409.7553426,2.8551276121262696,0.1061762161739162,15.320717594162414,0.040421636543900276,17.147288283103954,1.64,bd175192,bd,G,V
661428856578,2457412.8533177,2.8827750074535374,0.09135541179483685,15.310254533921439,0.03444575465994365,17.310520694723245,1.50,bd176563,bd,G,V
661428856578,2457413.7756869,2.9377634694999895,0.06597482384755997,15.289739339109945,0.02441032635752021,17.663910795352933,1.51,bd176936,bd,G,V
661428856578,2457416.8267468,2.999286615439639,0.05414160324436346,15.267236480901634,0.01962118873232363,17.87852861372986,1.63,bd178252,bd,G,V
661428856578,2457419.8273468,2.7977767246151366,0.04283005206349195,15.34274877238757,0.01663978544365191,18.13298488788202,1.57,bd179529,bd,G,V
661428856578,2457421.8074358,2.93660226633896,0.05170953662451265,15.290168580456545,0.019139812944499995,17.92842977861821,1.48,bd180344,bd,G,V
661428856578,2457422.7676512,2.6696620565645692,0.047528682829368014,15.393640682058901,0.01935136758003463,18.019966946718906,1.45,bd180736,bd,G,V
661428856578,2457423.8188558,2.899382188412416,0.07621864031062368,15.304017738000473,0.02857379358086099,17.50720340121883,1.49,bd181235,bd,G,V
661428856578,2457428.8343834,3.018593410860861,0.05762880761181619,15.260269855241102,0.02075138971957445,17.81075730928046,1.50,bd182862,bd,G,V
661428856578,2457437.8095199,2.8867979465262237,0.11771302731922827,15.30874043527204,0.044322098431674666,17.035295071322512,1.69,bd186039,bd,G,V
661428856578,2457438.811106,2.752161454278163,0.08233620674170027,15.360596634527905,0.03251839631502485,17.423379256123816,1.51,bd186459,bd,G,V
661428856578,2457442.7969227,2.8069126815799006,0.08017989425442955,15.33920914786664,0.031049080915175307,17.452192695817228,1.67,bd188093,bd,G,V
661428856578,2457444.7820963,2.837148038105601,0.05493725315143511,15.327576411471657,0.021047335139853345,17.862689041140197,1.57,bd188844,bd,G,V
661428856578,2457447.7751385,2.6054848307178022,0.05144985761153354,15.420060031960128,0.02146385870839985,17.933895950722402,1.45,bd189971,bd,G,V
661428856578,2457449.7813967,3.055884195512945,0.05871467995565508,15.246939173575466,0.020884398824187946,17.790489648791667,1.48,bd190766,bd,G,V
661428856578,2457451.7687625,2.513153770822017,0.05888586633837424,15.459233748717637,0.025468547606547383,17.78732872155765,1.60,bd191579,bd,G,V
661428856578,2457453.7498629,3.077829662247328,0.05686926813305876,15.239169952517353,0.020083769625712393,17.825162295607598,1.59,bd192388,bd,G,V
661428856578,2457458.7690955,3.0540974610394898,0.05324323635583861,15.247574174618173,0.01894932422221363,17.896695278888412,1.53,bd194060,bd,G,V
661428856578,2457467.7264151,2.8310723834266542,0.09432636438751077,15.329903971195273,0.03621548411943058,17.275773654205555,1.76,bd197302,bd,G,V
661428856578,2457602.118856,2.6410972594741122,0.06580818549309095,15.405320418088879,0.027083681280172398,17.666656602902524,1.54,bd231893,bd,G,V
661428856578,2457606.1088036,2.786681629731262,0.05711762371512061,15.347063017851138,0.022278961809275345,17.82043106608778,2.16,bd233155,bd,G,V
661428856578,2457609.0917455,3.1000480483019626,0.05131434256447385,15.231360341745265,0.017992127360658815,17.936759470857176,1.53,bd234160,bd,G,V
661428856578,2457612.0829724,2.8016555688533833,0.05868275182516224,15.341244547646562,0.022767109747207113,17.791080215851867,1.49,bd235109,bd,G,V
661428856578,2457618.0605489,2.608027018311794,0.11012729376661455,15.419001188935015,0.045898136537936736,17.107618975829087,1.51,bd236783,bd,G,V
661428856578,2457620.0895862,2.52309677809624,0.09573569414359163,15.454946631981395,0.041243181005175995,17.25967166732796,1.57,bd237549,bd,G,V
661428856578,2457628.0354153,2.6310726010524728,0.05393333427697112,15.40944932440018,0.022281099125900247,17.88271321828902,1.54,bd239170,bd,G,V
661428856578,2457637.0940004,2.8255936144759293,0.04097952308669576,15.332007153412356,0.01576410692912212,18.18093914406925,1.45,bd240369,bd,G,V
661428856578,2457645.9951107,3.1364123876422547,0.09477033201465632,15.218698503300807,0.03284364991561277,17.270675388382706,1.90,bd242131,bd,G,V
661428856578,2457651.0278132,2.8501352478450404,0.12703098301764873,15.322617731689459,0.048445825705416896,16.95258224655228,1.49,bd242896,bd,G,V
661428856578,2457657.1109168,3.280128199471872,0.07648131324302887,15.170054359845121,0.02534408936640601,17.503468052420267,1.45,bd244480,bd,G,V
661428856578,2457661.0326531,2.758798180504798,0.044229738381099996,15.357981577294206,0.017426357218836275,18.09807046736353,1.46,bd245439,bd,G,V
661428856578,2457669.039273,2.672882683110424,0.049866504909268757,15.392331661194575,0.02027875112887129,17.96783406856973,1.43,bd247134,bd,G,V
661428856578,2457672.0413436,2.414676726816288,0.06568672653113504,15.50263391375199,0.029568602290232823,17.668662344841305,1.46,bd248353,bd,G,V
661428856578,2457674.9110959,2.893041479996413,0.09920456817949239,15.306394753161978,0.037272556620635514,17.221027216077108,1.51,bd249315,bd,G,V
661428856578,2457677.9850611,2.667391031423107,0.13528494131818608,15.394564687994826,0.05512834358614619,16.884232749677047,1.53,bd250599,bd,G,V
661428856578,2457684.0882042,2.7127632347905504,0.05483950957108424,15.376251677126518,0.021973227081820045,17.864622488062516,1.52,bd252141,bd,G,V
661428856578,2457688.0676976,2.46420916414874,0.056505831680416244,15.480587483671307,0.024924581547256484,17.83212321501646,1.46,bd253516,bd,G,V
661428856578,2457691.0682106,2.9793200729870737,0.06680753351665264,15.274488497885043,0.02437364313946479,17.65029279810802,1.60,bd254713,bd,G,V
661428856578,2457694.8792396,2.6561420378068807,0.051958124774137145,15.399153166231127,0.021262500941860416,17.923222722381006,1.44,bd255714,bd,G,V
661428856578,2457697.0074924,2.6833152804569314,0.06641868391514963,15.388102145015399,0.026904859884600698,17.65663072914836,1.48,bd256654,bd,G,V
661428856578,2457699.0031642,2.880794239900667,0.051374039373567715,15.311000804517915,0.019384010968831904,17.935497108104546,1.56,bd257464,bd,G,V
661428856578,2457702.8269046,2.669355151934282,0.09074895056150156,15.393765505581982,0.03695280621701046,17.31775236499842,1.47,bd258901,bd,G,V
661428856578,2457705.8882151,2.8659837297982627,0.1149151843954002,15.3165971030752,0.04358287446880492,17.061412847991264,1.53,bd260179,bd,G,V
661428856578,2457709.9445688,2.6574408238713336,0.12622168507118486,15.39862239852986,0.05162767221027299,16.959521459304415,1.53,bd261867,bd,G,V
661428856578,2457712.0124188,2.9511194947362016,0.08297520289660824,15.284814416980353,0.030561432057212568,17.414985586056098,1.50,bd262701,bd,G,V
661428856578,2457715.9444422,2.7742735066339406,0.06367834125459235,15.351908218183464,0.02494908600565096,17.702377038627407,1.65,bd263575,bd,B,V
661428856578,2457719.9445749,3.0648934707944964,0.053020731423393,15.24374294461593,0.01880366490946794,17.901242107300796,1.56,bd264829,bd,G,V
661428856578,2457745.968925,2.6290167778064224,0.05590631555783582,15.410298010299488,0.02311424362711688,17.843704214882663,1.71,bd268269,bd,G,V
661428856578,2457749.9627951,2.7372875529322096,0.049925679826617705,15.366480348065117,0.019825116010070063,17.96654642549668,1.76,bd269599,bd,G,V
661428856578,2457755.9087109,2.565666287827936,0.05841746090723718,15.436780985234046,0.024748830515412896,17.795999702169564,1.49,bd270720,bd,G,V
661428856578,2457759.9068494,2.7603274618541787,0.062456487309697196,15.357379889172439,0.024593997322546267,17.72341250641805,2.21,bd272223,bd,G,V
661428856578,2457765.909092,2.701961292006843,0.11814236051780272,15.380583596825135,0.04752681307403274,17.031342283839134,1.48,bd274368,bd,G,V
661428856578,2457766.751867,2.9457570736303498,0.09846421867873706,15.286789081458117,0.0363323661712885,17.22916029594924,1.50,bd274800,bd,G,V
661428856578,2457769.903082,3.0853802765017075,0.09110615402274701,15.23650965716897,0.03209602039651198,17.313487109645862,1.67,bd275911,bd,G,V
661428856578,2457771.8469798,2.7475408921688342,0.048125912982529065,15.362420992441393,0.019039125179213308,18.006408940008228,1.67,bd276603,bd,G,V
661428856578,2457774.881405,2.955275610142451,0.06007888102484385,15.283286430574988,0.022097137513883366,17.76555180544354,1.57,bd277849,bd,G,V
661428856578,2457777.8443603,2.8627441809230065,0.046973334147451994,15.317825053129972,0.01783532466493119,18.032727925385643,1.49,bd278680,bd,G,V
661428856578,2457779.8756932,2.6464163637102236,0.048327597904562127,15.403135971331587,0.019849483415642168,18.001868370381754,2.10,bd279457,bd,G,V
661428856578,2457781.8782902,2.997428857428431,0.04774163588743396,15.26790919422482,0.01731253182464575,18.01511315315043,1.50,bd280293,bd,G,V
661428856578,2457783.8752476,2.510772207019608,0.05752691788138522,15.460263123055277,0.024904393314496627,17.812678627523503,1.53,bd280952,bd,G,V
661428856578,2457785.8643147,2.898552399626454,0.13974527447430019,15.304328514784753,0.052404447644845364,16.849013566134712,1.49,bd281664,bd,B,V
661428856578,2457786.7335278,2.860913006336513,0.05638566344645039,15.318519774196792,0.021422799113416276,17.83443465666066,1.45,bd281963,bd,G,V
661428856578,2457793.7939764,2.5632154285543867,0.08875797670969782,15.437818633203232,0.03763868638048378,17.341837909490533,1.53,bd283969,bd,G,V
661428856578,2457798.8255668,3.035250446541495,0.06820397478425354,15.25429507532693,0.024424592469708115,17.627832180768642,1.65,bd285466,bd,G,V
661428856578,2457800.8003192,2.749211759775956,0.04272108377089128,15.361760922168939,0.016890645275109053,18.13575073975002,1.44,bd286191,bd,G,V
661428856578,2457803.7972314,2.870929917259509,0.060238528201843305,15.31472492703658,0.022806777934677655,17.76267051298727,1.49,bd287364,bd,G,V
661428856578,2457806.8019072,2.940215164005734,0.04843065520187612,15.28883362175089,0.01790413748225799,17.999555532405086,1.55,bd288272,bd,G,V
661428856578,2457808.7481676,2.9476957627612186,0.07546915435047478,15.286074761648148,0.027829089605415528,17.517932684558396,1.45,bd289001,bd,B,V
661428856578,2457811.7495324,2.4591937388185734,0.09350844504317753,15.48279954344142,0.041330462327134825,17.2852293057997,1.86,bd289538,bd,B,V
661428856578,2457823.7477535,2.9674960364046012,0.0872850631307671,15.278806035634716,0.03197142218776104,17.360006567772267,1.54,bd291607,bd,G,V
661428856578,2457828.7332993,3.092628450297881,0.05837342376113867,15.233962037485153,0.020516326055042326,17.79681847713261,2.12,bd293221,bd,G,V
661428856578,2457967.1080684,2.8590178932853765,0.061509954024773925,15.319239220974428,0.023385179168036955,17.73999288764393,1.44,bd328924,bd,G,V
661428856578,2457972.0967796,2.9014085481227325,0.09372556550258274,15.30325918893681,0.03511246795720508,17.28271122002512,1.51,bd330319,bd,G,V
661428856578,2457976.0838792,2.8124796971322774,0.116249744599191,15.337057914456437,0.044927761850668387,17.04887637513291,1.52,bd331825,bd,G,V
661428856578,2457977.0834891,2.6205775052968323,0.10975319679251828,15.413788882585918,0.04552315388276723,17.111313446582184,1.51,bd331926,bd,G,V
661428856578,2457984.1105042,2.8045021669015195,0.044709984576975406,15.340141954757618,0.017328497690729673,18.086345093539162,1.51,bd334433,bd,G,V
661428856578,2457990.0868268,2.6887277866934203,0.041319163161042415,15.385914315955038,0.016703860499738772,18.171977600801807,1.51,bd335650,bd,G,V
661428856578,2457994.0441284,2.5413828621719867,0.05360712934555678,15.447106162194844,0.022927918386947382,17.88930001508225,1.47,bd336712,bd,G,V
661428856578,2457999.0276712,2.9840883271895065,0.07830114562014097,15.272752219912126,0.028521253917311612,17.477936103063826,1.60,bd338158,bd,G,V
661428856578,2458002.0150192,2.6329038044400765,0.11562255947159653,15.408693924397124,0.04773311309964444,17.054749946481213,1.76,bd338906,bd,G,V
661428856578,2458019.0946713,2.866349043080035,0.040266402040946184,15.316458718277126,0.015269538931778374,18.199999330061402,1.56,bd343350,bd,G,V
661428856578,2458022.9669895,2.654201476603849,0.05286165872426346,15.399946688399233,0.021648064476931295,17.904504427283044,1.53,bd344762,bd,G,V
661428856578,2458024.9765536,3.1344179107609293,0.06402304543582038,15.219389153734507,0.022201974580081277,17.696515571838855,1.63,bd345308,bd,G,V
661428856578,2458026.0136868,2.8299808962329744,0.04850594381634459,15.330322644936484,0.018630462150634665,17.997868995187996,1.66,bd345575,bd,G,V
661428856578,2458029.9355566,2.8349406518972358,0.06844529234255137,15.32842147556578,0.026242897481571124,17.62399743671527,1.49,bd346887,bd,G,V
661428856578,2458046.0895143,2.3037947566364703,0.06203729317919354,15.55367194076258,0.029269899246848304,17.730724292800197,1.69,bd349870,bd,G,V
661428856578,2458048.0528155,2.8670043259392974,0.05882582353097731,15.316210533913816,0.022302412296752425,17.788436354207427,1.60,bd350164,bd,G,V
661428856578,2458053.8738116,2.9202407876511947,0.1049761595208236,15.296234748124672,0.039073668753891684,17.1596296927677,1.48,bd350702,bd,B,V
661428856578,2458054.8694271,2.6658726080922714,0.06831111501363302,15.395182923784548,0.027852498182377606,17.62612795817934,1.44,bd351107,bd,G,V
661428856578,2458055.8659842,2.9118183061888514,0.0731059970156352,15.299370724378626,0.02728983469383833,17.552473882747044,1.48,bd351511,bd,G,V
661428856578,2458056.8618697,2.5113718461339647,0.07685942389120055,15.46000385136078,0.0332658232926596,17.498113581588303,1.47,bd351913,bd,G,V
661428856578,2458059.8870451,2.7753995724405263,0.11210499386956045,15.351467611893865,0.04390476074725818,17.08829399551497,1.54,bd352517,bd,G,V
661428856578,2458060.9777992,2.997323474166211,0.11553237272865799,15.267947367085632,0.041896934745871584,17.05559716194864,1.62,bd353004,bd,G,V
661428856578,2458066.040586,3.035029599628484,0.18409277135616978,15.254374077115134,0.06593044049887142,16.549764554434315,1.51,bd355121,bd,B,V
661428856578,2458067.0711346,2.784567743447049,0.06859888722044674,15.347886934652529,0.026777588020181552,17.621563716579864,1.44,bd355557,bd,G,V
661428856578,2458068.047752,2.8287189093470233,0.057913726250803994,15.330806920449163,0.02225378500441293,17.805402621297763,1.54,bd355959,bd,G,V
661428856578,2458071.0703942,2.5098102499389396,0.05575843566643245,15.460679183005151,0.024148038797385172,17.846579941450912,1.55,bd356637,bd,G,V
661428856578,2458072.0471327,2.974580936707053,0.06323878138284483,15.276216928679172,0.023108399910278802,17.709897662561826,1.51,bd357041,bd,G,V
661428856578,2458074.9371651,3.0698142268754363,0.0578105125732955,15.242001168335475,0.02046948415200478,17.807339343584296,1.65,bd357504,bd,G,V
661428856578,2458078.0233717,2.9781522455706986,0.05734520107111043,15.274914165837929,0.02092966885336002,17.816113694035746,1.70,bd358621,bd,G,V
661428856578,2458078.9483323,2.925992225352513,0.05993098623917983,15.294098484947202,0.022263345672111783,17.768227832144333,1.49,bd358837,bd,G,V
661428856578,2458082.7951126,2.564246393095093,0.12866651055013054,15.437382021256937,0.05454035273227918,16.938692586165715,1.47,bd359695,bd,B,V
661428856578,2458096.9609497,2.8000683108691704,0.13370986201275545,15.341859838061753,0.05190473602784701,16.896947792130707,1.53,bd361651,bd,B,V
661428856578,2458100.0072667,2.6269966391359088,0.05073865434153317,15.41113261159413,0.02099382634114732,17.949009031289048,1.55,bd362391,bd,G,V
661428856578,2458101.0036842,2.889599545719784,0.059306050452306885,15.307687253624394,0.022308661562883605,17.7796088869102,1.46,bd362658,bd,G,V
661428856578,2458102.0000355,3.0788529944938317,0.05870721689567983,15.238809021495989,0.020725962685465494,17.790627662478066,1.59,bd363072,bd,G,V
661428856578,2458109.9094734,2.849066738177078,0.04060033167984754,15.323024848211414,0.01548956179679328,18.191032439897803,1.74,bd363442,bd,G,V
661428856578,2458110.8691147,2.680577389319133,0.05543896443628375,15.389210529531706,0.02248013588139245,17.852818620322694,1.56,bd363734,bd,G,V
661428856578,2458111.7225198,2.655759328654548,0.05760891729344373,15.399309615364738,0.023578336970075657,17.81113211083114,1.63,bd363969,bd,G,V
661428856578,2458112.7151233,2.9194441201419625,0.051903745293431884,15.296530986972128,0.01932460842807264,17.924359651195292,1.45,bd364268,bd,G,V
661428856578,2458113.7143377,2.8191757997277,0.0528816365488838,15.334476007786629,0.02038895188182288,17.90409417625607,1.44,bd364538,bd,G,V
661428856578,2458120.9544209,2.273054755698185,0.15633093646340343,15.568256660550855,0.07475619780496151,16.727244070096138,1.50,bd366724,bd,G,V
661428856578,2458121.9001386,2.3941202224223934,0.1061909966405796,15.511916516968732,0.04821186307497456,17.147137151603072,1.48,bd367048,bd,G,V
661428856578,2458123.9325283,2.873187463481398,0.07696682057082746,15.313871497473514,0.029117343939548346,17.496597527124443,1.55,bd367832,bd,G,V
661428856578,2458161.8335124,2.9015262582601182,0.048059352353179395,15.303215141515254,0.018003775193188017,18.007911608766896,1.52,bd377790,bd,G,V
661428856578,2458169.8130582,3.1718348730767985,0.062143309878266335,15.206504980269287,0.021295899268903025,17.728870441335093,1.41,bd378755,bd,G,V
661428856578,2458183.7697551,2.812393956227213,0.04182778628986247,15.337091014579428,0.016165937562555154,18.158694192632826,2.05,bd379837,bd,G,V
661428856578,2458185.7586754,2.8454845655346643,0.05643130379973787,15.324390818885885,0.02155638952968343,17.833556182653158,1.45,bd380593,bd,G,V
661428856578,2458194.7295552,3.087077237914671,0.06993772727535533,15.235912665618603,0.024624997341793544,17.60057760569303,2.38,bd382086,bd,G,V
661428856578,2458195.7298178,3.0021934250887585,0.057063243472805086,15.266184730766044,0.02065998283988634,17.821465260411642,1.48,bd382453,bd,G,V
661428856578,2458196.7303811,2.8177595483352977,0.04467148365297277,15.335021579218331,0.017232116388727365,18.08728045185268,2.14,bd382692,bd,B,V
661428856578,2458322.1235896,2.456484706393195,0.11677102139877049,15.48399624290606,0.051669372469203965,17.0440186961558,1.45,bd408608,bd,G,V
661428856578,2458323.1155418,2.6189108714529095,0.062267206761842483,15.414479608334439,0.0258434707412228,17.726707933208633,1.47,bd408920,bd,G,V
661428856578,2458338.9730875,2.114892161147655,0.1071677189039358,15.586845053539474,0.05507923908485572,17.07748064462582,1.51,bt091545,bt,G,g
661428856578,2458341.0978376,2.9570233767138063,0.06195113530451513,15.282644509892869,0.022772288876261832,17.732233219722875,1.79,bd414218,bd,B,V
661428856578,2458344.0896154,3.0818852041767606,0.06165149929316871,15.23774025993111,0.021743995896046243,17.737497287177558,1.53,bd414872,bd,G,V
661428856578,2458345.9493724,1.994650076202928,0.04876357375410847,15.650398827492872,0.02657302408462289,17.932401795408648,1.41,bt092268,bt,G,g
661428856578,2458350.9153521,2.091259038196736,0.055703489296869975,15.59904604491081,0.028952544791900934,17.787934610271183,1.41,bt093104,bt,B,g
661428856578,2458358.9320535,2.2193494351246157,0.08036334662211818,15.534501404783894,0.03935904023819886,17.389995576304674,1.37,bt095149,bt,B,g
661428856578,2458363.0433725,2.8474887570304603,0.07652723705585611,15.323626359530515,0.029212329356231213,17.502816309133415,1.46,bd418438,bd,G,V
661428856578,2458366.9618075,2.0475838271103823,0.037800065889350566,15.62196139576611,0.020066103080420304,18.20890921929909,1.71,bt097018,bt,B,g
661428856578,2458372.0507932,2.5670012480867994,0.06842843046235035,15.436216204948748,0.028974948422350467,17.624264946848438,1.43,bd420349,bd,G,V
661428856578,2458372.9192045,2.0429280272281325,0.030503063354932056,15.6244329557357,0.016229403681759184,18.441781969523056,2.28,bt097789,bt,G,g
661428856578,2458378.9926369,3.0110836653818542,0.051484696585302046,15.262974347262112,0.018585211485997535,17.933160999531392,1.45,bd421847,bd,G,V
661428856578,2458383.9657807,2.6074334562316897,0.09339230949150165,15.419248320265439,0.038932299361064425,17.28657860574936,1.58,bd423182,bd,G,V
661428856578,2458384.9768638,1.7798779957936761,0.03818482878920659,15.77409003725371,0.023319153774589114,18.197913492242133,2.04,bt099503,bt,G,g
661428856578,2458385.968601,2.7066002868266996,0.15760314091909303,15.378721095754816,0.06329259724915857,16.71844422262309,2.13,bd423934,bd,B,V
661428856578,2458389.8450932,2.2114411600561246,0.09870631157904304,15.538377150880365,0.048515633626414256,17.166778302303246,2.01,bt100762,bt,G,g
661428856578,2458397.1290841,2.836137242982367,0.09192184584966184,15.327963297312268,0.03522927181461865,17.30380955197763,1.58,bd426735,bd,B,V
661428856578,2458402.0709028,2.93809396223953,0.0548966682884614,15.289617202745244,0.020309184248283808,17.863491424530018,1.46,bd427390,bd,G,V
661428856578,2458402.8071691,1.8048535378598711,0.035269111571365586,15.758960709558991,0.02124049959416555,18.28415431161519,1.46,bt103882,bt,G,g
661428856578,2458408.8964885,2.803562081383937,0.03755366128997164,15.340505960891065,0.014559762141656307,18.275725681437223,1.64,bd428601,bd,G,V
661428856578,2458413.8801135,2.8181088021180227,0.08878775240582487,15.334887013450127,0.034245812814443895,17.341473737941367,1.55,bd429860,bd,G,V
661428856578,2458417.7565943,1.9158128073588891,0.23572099143400146,15.694182941718557,0.13373878072316497,16.22164496380742,1.62,bt105612,bt,G,g
661428856578,2458428.0960797,2.7054992203837673,0.05256644498494334,15.379162871711019,0.021119000800495735,17.91058487588017,1.41,bd432530,bd,G,V
661428856578,2458429.0442106,2.7168586374564994,0.0558223706253876,15.374613799611158,0.02233332606035356,17.845335704030674,1.43,bd432878,bd,G,V
661428856578,2458429.8542262,2.027959519162987,0.03581601938344367,15.632417418187668,0.019196860432222643,18.26744732040876,2.16,bt110098,bt,B,g
661428856578,2458431.9330286,3.1168227365177623,0.0627779319987466,15.225501146291457,0.02189309061687935,17.717838880491698,1.43,bd433633,bd,G,V
661428856578,2458433.8866093,2.005316398468523,0.031097393717676388,15.644608359108535,0.016855950979273053,18.420830630954054,1.50,bt111057,bt,G,g
661428856578,2458442.0691296,3.0171611604517428,0.06678415771806637,15.260785133367234,0.024059528782227266,17.65067276112615,1.57,bd436660,bd,G,V
661428856578,2458442.8459659,1.88798020513352,0.06497374736323022,15.710072030913055,0.03740698035194661,17.620795822847995,1.57,bt114076,bt,G,g
661428856578,2458444.7937857,1.9796298124042258,0.09833620536071036,15.658605658574213,0.05399351892467711,17.170856997598637,1.51,bt114871,bt,G,g
661428856578,2458448.9510165,3.3468059377061725,0.11776482117495167,15.148205077481805,0.03824698616833701,17.034817451320382,1.53,bd438922,bd,G,V
661428856578,2458449.7368953,1.7480683941525441,0.06760393112405925,15.793669570669625,0.04203641806939893,17.577710734907342,1.54,bt116020,bt,G,g
661428856578,2458450.7880099,2.199579167755388,0.056985335502564745,15.54421662773149,0.028160196721272766,17.763232837598746,1.61,bt116485,bt,G,g
661428856578,2458451.8544647,2.8213007614788403,0.05683661530715487,15.333657939316332,0.021897321450162384,17.82578587558734,1.44,bd440143,bd,G,V
661428856578,2458454.8403766,1.9903222901906477,0.02744018077819104,15.65275710522998,0.014985655138142727,18.556673190911503,1.54,bt117990,bt,G,g
661428856578,2458456.7338569,1.9047130391034355,0.030156082016800832,15.700491735142068,0.017209075249304127,18.45420332191394,1.43,bt118826,bt,G,g
661428856578,2458464.8638602,2.0339075301560907,0.03044529394519472,15.629237611749339,0.016270509017415648,18.443840182779038,2.23,bD003742,bD,G,g
661428856578,2458465.9457243,1.8810817862032057,0.029253226309904873,15.71404642643582,0.0169035633392853,18.487206184001902,1.44,bD004257,bD,G,g
661428856578,2458469.757413,1.7946553887569254,0.04312005531869926,15.765112953965097,0.02611622578910632,18.065942338104104,1.79,bD005451,bD,G,g
661428856578,2458471.7407675,2.127040722993873,0.0841572640423892,15.580626110498816,0.04300589359372621,17.339911591192244,1.66,bt120237,bt,G,g
661428856578,2458475.8977841,3.561970040632163,0.14618178081821262,15.020839966442587,0.04460824717986584,16.740407490817404,1.73,bt122019,bt,G,g
661428856578,2458476.8888982,1.9712511786411335,0.12115438287815833,15.663210707261408,0.06680505662270446,16.94429278698002,1.49,bt122474,bt,G,g
661428856578,2458483.9643633,1.8424280270073785,0.03181516302300265,15.736589293551601,0.018769633565668648,18.396055229113095,1.55,bD009118,bD,G,g
661428856578,2458484.9557705,2.0772866342231007,0.03221025561377056,15.606324555387685,0.016854268847383412,18.382655183186067,1.74,bD009518,bD,G,g
661428856578,2458485.9442394,1.9886256097705974,0.03159485659094871,15.653683052248098,0.017269331771758625,18.40359964033752,1.57,bD009880,bD,G,g
661428856578,2458487.845805,1.7769937306323178,0.03248307207328661,15.7758508833213,0.01986933686232948,18.3734978721049,1.54,bt125358,bt,G,g
661428856578,2458489.8062545,1.8354002110632728,0.027273561233111004,15.740738679006338,0.016151886152507122,18.563285987810183,1.51,bD010965,bD,G,g
661428856578,2458490.8251199,2.0027144805903263,0.026085337296936757,15.646018027309331,0.014157598485188355,18.61164946957334,1.97,bD011391,bD,G,g
661428856578,2458491.7277883,2.0418560533452452,0.03830204453080415,15.625002817377815,0.020389614160357634,18.19458571929168,1.50,bt126431,bt,G,g
661428856578,2458493.7972536,2.0044421179097274,0.030477695636926188,15.645081823067509,0.016527257007891868,18.442685292207624,1.53,bD012478,bD,G,g
661428856578,2458495.8489656,1.9460054919221619,0.03174394696069332,15.677205468335103,0.01773082877612289,18.3984882993555,1.49,bt127112,bt,G,g
661428856578,2458497.8378523,1.9249064092853345,0.03383015621780389,15.68904157587748,0.0191032191253641,18.32938060334723,1.58,bD014311,bD,G,g
661428856578,2458503.870873,1.6869540499434645,0.07466490842648375,15.83230748920565,0.04810890324009793,17.469849269470664,1.58,bD016287,bD,G,g
661428856578,2458504.7855437,2.123734041586051,0.18234295303968703,15.582315301126448,0.0933256510083723,16.50041815166942,1.63,bt129774,bt,G,g
661428856578,2458505.8293294,1.7984602338176616,0.07807992214242114,15.762813523602173,0.047190079043022505,17.42129218243948,1.47,bD017085,bD,B,g
661428856578,2458506.8874068,2.2857896382343266,0.06097337920145581,15.50247497309842,0.0289945369717794,17.689789949708373,1.49,bD017582,bD,G,g
661428856578,2458507.7779711,2.247967925671512,0.07486449769736299,15.520590346368907,0.03619911702902285,17.46695082385,1.48,bt130809,bt,G,g
661428856578,2458508.7084318,2.211461360024975,0.049111718455958686,15.538367233484532,0.02413892624780812,17.924677784722263,1.46,bt131208,bt,G,g
661428856578,2458509.7170328,1.8559816713751585,0.037880568998489614,15.728631414638611,0.022184772702841308,18.206599376806786,1.47,bt131669,bt,G,g
661428856578,2458512.8057458,2.1652715712273576,0.03810540768633729,15.561284687546111,0.019128742070314488,18.200174080279126,1.56,bt132854,bt,G,g
661428856578,2458515.6937696,1.8613389170862007,0.039286973566626734,15.72550197798405,0.02294221205264797,18.167019174812125,1.47,bt133238,bt,B,g
661428856578,2458534.7380406,2.0537274451270737,0.10951218068850332,15.618708605107049,0.05796045589772867,17.053984543830683,1.58,bt137460,bt,G,g
661428856578,2458536.7273484,2.3472990436189063,0.08271890387703286,15.473644567735747,0.03830438745530826,17.35862868425653,1.49,bt137850,bt,G,g
661428856578,2458558.6674489,1.9480957199977618,0.09655723312066505,15.676039891791334,0.05387492677295807,17.19067858040194,1.51,bt143105,bt,G,g
661428856578,2458561.6537563,1.9987051244264555,0.10274656807456005,15.648193807423084,0.055876702816281786,17.123222300063954,1.44,bt143867,bt,G,g
661428856578,2458566.6342664,1.9711754707881448,0.03632922216015976,15.663252406835957,0.020032861377331665,18.25200036308094,1.43,bt145076,bt,G,g
661428856578,2458570.5967235,2.0672154712381428,0.055669667601355714,15.611601255710832,0.029271505125733635,17.78859404099,2.04,bt146240,bt,G,g
661428856578,2458571.6089932,1.9585942627995112,0.029853876909003586,15.67020442723867,0.01656793692383054,18.465138766844372,1.40,bt146532,bt,G,g
661428856578,2458572.6080775,1.8102960157219516,0.042855150385184164,15.755691633336806,0.025731529427639056,18.072633052827392,1.52,bt146926,bt,G,g
661428856578,2458575.6068227,1.9680645889775048,0.039894205894124936,15.664967254198107,0.022033457397224884,18.150366049602095,1.73,bt147693,bt,G,g
661428856578,2458577.6116741,1.9609774337272838,0.043901169724557994,15.668884132330144,0.02433412130265293,18.046450381557094,1.61,bt148473,bt,G,g
661428856578,2458581.6075004,1.8028374128478055,0.04751819591256297,15.760174217133061,0.02864940153801783,17.9604907520529,2.11,bt149715,bt,G,g
661428856578,2458585.5914275,1.9126423037990798,0.15878354202715447,15.695981229116054,0.09023684470872462,16.65062689734175,2.24,bt150892,bt,G,g
661428856578,2458691.1207886,1.9892858879653443,0.06491728727337087,15.65332261791051,0.03547115535393191,17.621739702734953,1.52,bD056714,bD,G,g
661428856578,2458695.1275012,1.8244410074530941,0.11730191251448391,15.747241059295016,0.06988555853504036,16.979377878942877,1.55,bD057971,bD,B,g
661428856578,2458697.9696156,2.126319484761806,0.14500171676652587,15.580994325006907,0.0741236502003843,16.74920775106483,1.55,bt176484,bt,G,g
661428856578,2458700.1063337,2.0316713511711324,0.03254429973466287,15.63043198076787,0.01741139816813079,18.371453283603604,1.49,bD058798,bD,G,g
661428856578,2458701.1251583,1.8624298915806667,0.04079667949978941,15.724865788896134,0.023809871742319227,18.126078569747097,1.52,bD059137,bD,G,g
661428856578,2458703.0970406,2.0110668004622885,0.02911301984530344,15.641499380909305,0.015735224101506268,18.49242247038645,1.49,bD059238,bD,G,g
661428856578,2458705.0961359,1.8042293422158324,0.03432719066291134,15.759336268579862,0.02068038851325286,18.31354495588682,1.45,bD059897,bD,G,g
661428856578,2458706.0994711,2.0031563912204717,0.029905029793301525,15.64577847971146,0.01622712400744075,18.46328001289155,1.54,bD060396,bD,G,g
661428856578,2458706.9747019,1.5921689319112977,0.11188180432027538,15.895092759154023,0.07638049859689114,17.030741957361037,1.44,bt178819,bt,G,g
661428856578,2458707.9437767,1.8536196505534848,0.04875138518481673,15.730014060182702,0.02858765338111847,17.932673211633954,1.48,bt179019,bt,G,g
661428856578,2458708.9427806,2.116611374637754,0.04894060560261959,15.585962808060138,0.025132771691134956,17.928467263663247,1.44,bt179369,bt,G,g
661428856578,2458726.9201176,1.8700798722555099,0.04384063047435256,15.720415232493067,0.025481724025925433,18.04794863361115,1.48,bt183983,bt,G,g
661428856578,2458727.9447655,1.9312692031012764,0.06698587770880124,15.685458584554834,0.03770097743135974,17.587682480795085,1.47,bt184389,bt,G,g
661428856578,2458729.9665887,1.9396950596380422,0.036310953222070536,15.680731973134453,0.02034774859026505,18.252546486429893,1.48,bt185184,bt,G,g
661428856578,2458741.0725926,1.9452735083171995,0.10797398072528162,15.677613941287323,0.06033240160094887,17.069342828948162,1.49,bD071149,bD,G,g
661428856578,2458750.8908586,2.1033905841801643,0.04661738959437044,15.592765808607558,0.02409018849240728,17.98127073408895,1.63,bt186858,bt,G,g
661428856578,2458752.9115863,1.8553627575754645,0.05538559428631549,15.728993535233478,0.032447419068914615,17.79414856133233,1.45,bt187544,bt,G,g
661428856578,2458753.9067289,1.9406275418798693,0.0379895274963834,15.680210145516645,0.02127815038118124,18.203480881568908,1.49,bt187941,bt,G,g
661428856578,2458755.9506058,1.7203538893693833,0.030828399289168962,15.811021138165337,0.019478044528630882,18.43026317311997,1.49,bD075300,bD,G,g
661428856578,2458757.0217217,1.965118709512586,0.026594732991501197,15.666593646026438,0.014710214873580336,18.59065152543048,1.51,bD075701,bD,G,g
661428856578,2458762.9442473,1.9146629120324794,0.03568932650862715,15.69483481011117,0.020260875144779242,18.2712947302296,1.48,bt190317,bt,G,g
661428856578,2458764.8670547,1.9102787036608,0.04758865058965322,15.697323787105447,0.027078139969869644,17.958882135838238,1.48,bt190809,bt,G,g
661428856578,2458770.0126207,2.1575308475748862,0.14369135980160783,15.565173087750058,0.0723912062854065,16.759063974740897,1.55,bD078964,bD,G,g
661428856578,2458771.8839542,1.9487692312442495,0.10595766725188803,15.6756645872524,0.059099546319381184,17.089809640521537,1.63,bD079706,bD,G,g
661428856578,2458777.8942379,2.1040355821767087,0.05309046825394954,15.592432922108951,0.02742683213138177,17.840099221935137,1.47,bt194800,bt,G,g
661428856578,2458780.0941905,2.122247397856402,0.0300483629220077,15.583075597896388,0.015389941850629854,18.458088571452656,1.56,bD082229,bD,G,g
661428856578,2458781.0085535,2.100494004667316,0.02561137283221042,15.59426200655414,0.013253286450142785,18.631558465595784,1.52,bD082589,bD,G,g
661428856578,2458782.8426491,2.156115839822751,0.03651712541065488,15.565885396992304,0.018409274161976415,18.246399153924134,1.45,bt196520,bt,G,g
661428856578,2458783.9814263,2.0506706778357597,0.07004228425193565,15.620325818365547,0.03712586252293651,17.539239858796215,1.71,bt197069,bt,G,g
661428856578,2458784.8192562,1.7558519796276904,0.04068701752391996,15.788845868329194,0.02518721370642902,18.129000971496637,1.46,bt197381,bt,G,g
661428856578,2458785.8897942,1.5230412251436747,0.07885329129839681,15.943286475219038,0.05627562657031983,17.410591048227865,1.48,bt197853,bt,G,g
661428856578,2458789.907126,1.8314942909773722,0.037711674596282996,15.743051699166418,0.022381151199908453,18.211451066971648,1.57,bt199351,bt,G,g
661428856578,2458790.8197503,1.474903654986483,0.10207344387861698,15.978156492639698,0.07522484275167972,17.13035869200165,1.55,bt199700,bt,B,g
661428856578,2458791.7258634,1.6036546392941813,0.12507586318325917,15.887288509790716,0.08477637383260495,16.90970683956071,1.50,bt200068,bt,B,g
661428856578,2458792.8572176,1.8698845738416197,0.038244147413253285,15.720528625313746,0.022231171929390614,18.196228152626823,1.50,bD085650,bD,G,g
661428856578,2458794.8487822,2.0750879978504098,0.04200154222643662,15.607474326083024,0.022000922511922257,18.094477518296568,1.51,bD086137,bD,G,g
661428856578,2458796.1190733,1.993627175790629,0.04376349661578932,15.650955759704788,0.023860538539145732,18.049860576513343,1.49,bD086653,bD,G,g
661428856578,2458796.8482998,1.869668850314833,0.1007555129979896,15.720653890989587,0.058575539692975576,17.144468565002335,1.52,bD086883,bD,B,g
661428856578,2458797.0134881,1.9121496233615538,0.14582418439668102,15.69626094158227,0.08289338152242051,16.743066721257108,1.47,bt201608,bt,G,g
661428856578,2458797.8898165,2.0127136922131363,0.06627500919049314,15.640610619654902,0.03579150564068347,17.59926611986805,1.54,bD087263,bD,G,g
661428856578,2458803.7756014,1.6585562696386669,0.09091896395377491,15.85074009637724,0.059584930959774164,17.25600441599755,1.51,bt203717,bt,B,g
661428856578,2458804.7458387,2.2705180195233003,0.11291047170115841,15.509753239922004,0.05405320395298285,17.020805057091824,1.61,bt204138,bt,B,g
661428856578,2458805.8517327,1.643924410739128,0.05339555146166171,15.860361011342723,0.03530493404317519,17.8338779209368,1.53,bt204669,bt,G,g
661428856578,2458806.9155836,1.79083901344342,0.06737866406129683,15.767424254973445,0.040895735338418476,17.581334621861142,1.46,bt205167,bt,B,g
661428856578,2458809.6806007,2.2238912440098852,0.051455336787812875,15.532281759972637,0.02514948248950792,17.87406454866691,1.58,bt205918,bt,G,g
661428856578,2458810.8657735,1.987011851537674,0.024674819659528262,15.654564478611789,0.01349788433868968,18.67200564336236,1.51,bt206268,bt,G,g
661428856578,2458812.7309664,1.8942073995660975,0.03446308957503259,15.706496800244716,0.019776018181241597,18.309255089338194,1.54,bt207071,bt,G,g
661428856578,2458845.965963,2.0111085636752355,0.04797019606901232,15.64147683398968,0.025926754233014063,17.950211877529053,1.50,bD100276,bD,G,g
661428856578,2458846.6928127,2.172055661734177,0.04025714776511611,15.557888246239903,0.020145786353823202,18.14053310717632,1.53,bt219114,bt,G,g
661428856578,2458849.8356214,2.0722531813842733,0.03829325241471281,15.60895858465614,0.02008591460960885,18.1948349752951,1.46,bt220222,bt,G,g
661428856578,2458903.7360627,2.045506197446357,0.034026579437506775,15.623063623142745,0.018081300598475705,18.32309487814438,1.48,bD111961,bD,G,g
661428856578,2458904.7274388,1.802424931012252,0.042897333315113195,15.76042265756369,0.025869336031594543,18.071564872969162,1.66,bt234998,bt,G,g
661428856578,2458909.608789,0.9619763744899171,0.2379625574686017,16.21136904195236,99.999,16.21136904195236,1.54,bt236551,bt,B,g
661428856578,2458914.7349758,2.1357315411681377,0.07810470026123285,15.5761989685218,0.039750507819439215,17.420947686284972,1.57,bD113542,bD,G,g
661428856578,2458918.6838548,1.7326395407695376,0.15916078448718587,15.803295069129161,0.09984814996581805,16.648050433760698,1.54,bt237639,bt,G,g
661428856578,2458919.691446,2.1825242296163516,0.13478992224787362,15.552667937809838,0.06712905316876619,16.82849705445561,1.46,bt238041,bt,G,g
661428856578,2458923.6067786,2.0632607860376546,0.1424131468693819,15.613680311948013,0.07502536752435628,16.76876540382778,1.46,bt238554,bt,B,g
661428856578,2458929.7270498,1.8381878385516712,0.04645314273415588,15.739090901068483,0.027468654394946425,17.985102858894052,1.45,bD115326,bD,G,g
661428856578,2458932.7235018,1.7903088359065704,0.10467407991628468,15.767745734552133,0.0635511435458201,17.1030427310983,2.18,bD116523,bD,G,g
661428856578,2459051.1173932,1.5333480751140556,0.053498064585392836,15.935963741437378,0.037923594221872,17.831795434664258,1.57,bD149177,bD,G,g
661428856578,2459065.0899535,2.273011060742485,0.09515935814681667,15.508561749635291,0.04550531527479897,17.206511851332912,1.48,bD153149,bD,G,g
661428856578,2459067.0895405,1.948758179768167,0.08528095421323863,15.675670744483092,0.04756705594597863,17.325510483806482,1.62,bD153497,bD,G,g
661428856578,2459069.0915242,2.2044704120506573,0.06054806498908911,15.541804936807047,0.02985438759296116,17.69738994043192,1.51,bD153921,bD,G,g
661428856578,2459073.0611059,1.9993567216606776,0.0473353373441381,15.647839904586352,0.025734003881106735,17.964676920078915,1.54,bD155256,bD,G,g
661428856578,2459078.055068,2.0252928445457448,0.027892378071222856,15.633846051460992,0.014969589377149655,18.53892675324376,1.49,bD156712,bD,G,g
661428856578,2459079.9213086,2.2281711920127063,0.08555598969957386,15.530194234921296,0.04173630882185257,17.322014562651958,1.48,bt270992,bt,G,g
661428856578,2459081.0350022,1.8913447314197622,0.028753367556164953,15.708138887281745,0.01652457104616505,18.50591882145085,1.56,bD157837,bD,G,g
661428856578,2459084.0365177,1.7955822213231836,0.035478822143327475,15.764552380652363,0.021477121267047462,18.277717628155735,1.48,bD158620,bD,G,g
661428856578,2459086.0442404,1.9569577321028562,0.0296642334153659,15.671112008460085,0.01647645804724468,18.4720577870464,1.69,bD159300,bD,G,g
661428856578,2459088.018238,1.972351375641503,0.03045552362867386,15.662604903948212,0.016783941461951876,18.443475434381117,1.51,bD160066,bD,G,g
661428856578,2459090.0291897,2.0174690944194613,0.0368575279413365,15.63804839604714,0.01985781615283984,18.236325102834606,1.44,bD160796,bD,G,g
661428856578,2459092.0149779,2.0366901173428227,0.06737623994413587,15.627753232115813,0.035957872429353874,17.581373684658686,1.68,bD161510,bD,G,g
661428856578,2459093.0451633,1.7271077120437988,0.07579336804326144,15.806767063702996,0.04770061248913466,17.45356259565435,1.48,bD161861,bD,G,g
661428856578,2459096.0018781,1.8080651277713322,0.07193689071128442,15.757030447251505,0.04324638051542285,17.51026145490144,1.46,bD163062,bD,G,g
661428856578,2459098.0007798,2.060359758532133,0.0667110106870725,15.615207974873996,0.03519383827889463,17.59214681053425,1.46,bD163869,bD,B,g
661428856578,2459106.0178352,1.9881160167207705,0.02783819793351391,15.653961312029036,0.015219891868889645,18.541037815423238,1.50,bD166750,bD,G,g
661428856578,2459109.0317019,1.7022601921556215,0.0317504110429268,15.822500764372474,0.020273819777988644,18.398267231268306,1.50,bD167814,bD,G,g
661428856578,2459115.9395404,2.105219069976282,0.03551010232590722,15.591822383810879,0.018334404177330378,18.276760802026303,1.51,bD170263,bD,G,g
661428856578,2459117.9460975,1.739920158732627,0.03901604302259088,15.798742322577755,0.024373958887142586,18.17453255775256,1.66,bD170566,bD,G,g
661428856578,2459121.0402186,1.8125527047834757,0.0469159470243396,15.754339013052107,0.02813468234997631,17.97433939338076,1.51,bD171678,bD,G,g
661428856578,2459122.8096136,1.9478748882323718,0.0684292922473054,15.676162975390884,0.03818503228084554,17.564535490980827,2.49,bt277598,bt,B,g
661428856578,2459124.945867,1.921129041783867,0.1231822118106755,15.691174279034222,0.06969532268667257,16.92627061683522,2.27,bt277868,bt,B,g
661428856578,2459126.7744014,2.52413919967167,0.12927372585609756,15.39478236869041,0.05566845102167079,16.87386494648049,1.47,bt278539,bt,G,g
661428856578,2459127.8314441,2.0938703363137057,0.11951088201486516,15.597691161455023,0.06203972154911469,16.959121982461095,1.54,bt278916,bt,G,g
661428856578,2459132.0371762,1.8558957894950818,0.038074094123494794,15.72868165609595,0.02229914263025588,18.201066663454,1.46,bD174999,bD,G,g
661428856578,2459133.954911,1.8824251440512019,0.031820603665158695,15.71327133429942,0.018373964451560438,18.39586957558874,1.61,bD175702,bD,G,g
661428856578,2459134.8617873,1.8156902225361489,0.03614996832292762,15.75246123500113,0.02164105051707787,18.257370808761642,1.47,bt281452,bt,B,g
661428856578,2459136.7851255,1.7135202829890976,0.040022082786360484,15.815342498400627,0.02538765623616181,18.146891396500905,1.47,bt282079,bt,G,g
661428856578,2459138.9514886,1.8960245823786328,0.10073132641750385,15.705455712875498,0.05774744336678325,17.14472922963239,1.96,bD177221,bD,B,g
661428856578,2459140.0379416,1.9650512775887499,0.05211272866441026,15.666630903082146,0.028825848431247445,17.86028107701545,1.50,bD177632,bD,B,g
661428856578,2459143.8550873,1.806823987997229,0.03194863081537613,15.757776002867573,0.01921978723777166,18.391509984319466,1.65,bD178879,bD,G,g
661428856578,2459144.87132,2.018031552431802,0.01852013516325725,15.637745741638158,0.009975355278729203,18.983530231651564,1.42,bD179185,bD,G,g
661428856578,2459145.8632158,1.9536817899386267,0.018127368406469307,15.672931051010202,0.010085399481559714,19.006803708691386,1.46,bD179561,bD,G,g
661428856578,2459148.8453952,2.054805527895638,0.05331523554688328,15.618138808769471,0.02820283583969704,17.835512280787455,1.48,bD180615,bD,G,g
661428856578,2459153.9694953,1.8709548738656747,0.08898007758395805,15.719907340420862,0.05169417872431318,17.27940866123112,1.50,bD181151,bD,G,g
661428856578,2459161.9211323,2.029653560872462,0.02840527215428008,15.631510834692921,0.015212101422174567,18.519143224791858,1.46,bD183570,bD,G,g
661428856578,2459161.9369232,1.9550508367378494,0.05205084397643608,15.672170485436306,0.028938891643664953,17.861571172054546,1.55,bt289605,bt,G,g
661428856578,2459163.9247725,1.906852809322058,0.035829815638939035,15.699272694814459,0.0204239423153493,18.267029177630135,1.46,bt290217,bt,B,g
661428856578,2459164.9974791,2.0261793017754592,0.029959534172077296,15.63337093590355,0.016071978934969186,18.461302970388058,1.70,bD184314,bD,G,g
661428856578,2459166.9291306,1.8391075649875328,0.036353623832813944,15.738547795225122,0.021485860460911145,18.251271338781166,1.51,bt291454,bt,G,g
661428856578,2459170.7996803,2.0116913709017097,0.021772612070441785,15.641162239716591,0.011764171695310768,18.80786427474565,1.65,bD185840,bD,G,g
661428856578,2459171.943979,2.0783629246659645,0.04671105776907712,15.605762155931126,0.024429269920503364,17.979091356513674,1.78,bt293601,bt,G,g
661428856578,2459173.7747035,1.9259619289088,0.038436716538419395,15.68844637718561,0.021692557411736677,18.1907749091481,1.49,bt294338,bt,B,g
661428856578,2459174.7575332,2.099370484704761,0.039366021107362655,15.594842904500872,0.02038189718742551,18.164836808937164,1.55,bt294750,bt,B,g
661428856578,2459179.902129,1.9853054294782253,0.07528515620234984,15.655497296507964,0.04121869124480265,17.460867221899818,1.47,bD187574,bD,B,g
661428856578,2459181.7360029,1.7032384478985685,0.08211787365486581,15.82187699216223,0.05240520399867221,17.36654637318564,1.48,bt297102,bt,B,g
661428856578,2459187.9475366,1.8348757335128156,0.061553231365572524,15.741048979527385,0.03646333375330965,17.679513468785615,1.43,bD190368,bD,G,g
661428856578,2459189.8451052,2.100927105002966,0.04813058061049725,15.594038161952945,0.02490131540741727,17.946587859678967,1.49,bt299441,bt,G,g
661428856578,2459191.9096158,1.9340267601040935,0.046339083327323505,15.68390942505394,0.02604336706868334,17.987772015462813,1.46,bt300341,bt,G,g
661428856578,2459193.966531,1.8611908412945217,0.01984294079817429,15.725588355398656,0.011588502066804413,18.908625519798253,1.54,bD192962,bD,G,g
661428856578,2459195.8309859,1.959242931433523,0.03204023077229112,15.669844900799792,0.01777540561061877,18.388401522782807,1.54,bt301671,bt,G,g
661428856578,2459197.8432938,2.031093112565338,0.0434967165121965,15.630741038602327,0.023277632814900893,18.056499426208244,1.63,bt302535,bt,B,g
661428856578,2459199.7403582,2.0407619346726618,0.026009829606738793,15.625584759791753,0.01385343064275795,18.614796843706777,1.51,bD194671,bD,G,g
661428856578,2459203.919686,1.789809146179082,0.04128291792698378,15.768048814637492,0.025071241239855904,18.113214646023078,1.65,bt305172,bt,G,g
661428856578,2459205.8988,1.9653042459125662,0.027020662124059236,15.666491141237923,0.014944396003081924,18.57340064412926,1.65,bt306030,bt,G,g
661428856578,2459207.8732159,1.898791211825904,0.04804202302800841,15.703872589766945,0.027501491434447994,17.948587393788515,1.51,bD196404,bD,G,g
661428856578,2459209.8244098,1.8097482585405018,0.06661945463870338,15.756020203797716,0.040012443914514875,17.593637928589835,1.48,bD197249,bD,G,g
661428856578,2459213.7535551,2.2712375676556213,0.10729700786064651,15.509409214599696,0.051349618427458214,17.07617158350142,1.52,bD198393,bD,G,g
661428856578,2459214.9258078,1.7728739072897581,0.07589798636050278,15.778371001717083,0.04653337776713787,17.452064976845868,2.04,bD198800,bD,G,g
661428856578,2459215.6318595,1.865795799494614,0.0732117677243808,15.72290534477082,0.042650974140697115,17.491188378502173,1.43,bt309109,bt,B,g
661428856578,2459216.8346356,1.7820020237919336,0.08416596519209314,15.772795139975699,0.05133818230988498,17.33979934104937,1.66,bt309626,bt,G,g
661428856578,2459217.8813943,2.273169997779304,0.09875646242717144,15.508485833743249,0.0472221527663859,17.166226799945832,1.74,bt310060,bt,B,g
661428856578,2459219.863352,1.8953371203965053,0.05686999864027833,15.705849451289337,0.03261436461520589,17.765432566770954,1.57,bt310881,bt,G,g
661428856578,2459220.781564,1.9925664226695226,0.02955644911360128,15.651533603237288,0.016123214141307452,18.47600996871507,1.57,bt311239,bt,B,g
661428856578,2459221.7916516,1.845282259879378,0.05322409181732297,15.734908605892501,0.03135144957078987,17.83736996233304,1.46,bt311678,bt,G,g
661428856578,2459222.7728381,2.0882853123914904,0.03875131002851541,15.60059103739983,0.020170131404694466,18.18192463926936,1.50,bt312094,bt,G,g
661428856578,2459223.7407473,2.1307544350476717,0.045035009812322266,15.578732119593345,0.022973598842230842,18.018764957180238,1.54,bt312500,bt,G,g
661428856578,2459227.8734589,1.8559562560619913,0.01839184396810313,15.728646282519595,0.010771339401261435,18.991077426869932,1.47,bD203621,bD,G,g
661428856578,2459230.8403,2.0325944234209206,0.0222945342641258,15.629938797972244,0.011922294550401656,18.782144600669234,1.48,bD204751,bD,G,g
661428856578,2459233.8274934,1.934135911259861,0.06060815235163344,15.683848150815132,0.034060908587470864,17.696312999739256,1.56,bt315723,bt,G,g
661428856578,2459243.8412345,2.11677281327545,0.07203413537096846,15.585879999712917,0.03698931351454617,17.508794742234763,1.71,bD207536,bD,G,g
661428856578,2459245.7726135,1.8024445196327386,0.07451702792915334,15.760410857927251,0.04493717759740746,17.472001799011995,1.52,bt318816,bt,G,g
661428856578,2459251.8480764,2.142566899198322,0.03851156962439214,15.572729644394979,0.01953750045392114,18.18866256239767,1.53,bD209155,bD,G,g
661428856578,2459254.7163588,1.8872656097420981,0.046046075813448537,15.710483056915352,0.026519893197630963,17.99465905090719,2.02,bD209950,bD,G,g
661428856578,2459257.8366815,1.7687198123533245,0.034076551523477605,15.780918020768917,0.020941547472994735,18.321501514904313,1.46,bD210998,bD,G,g
661428856578,2459262.7460991,1.8535292032878152,0.027752177767486418,15.730067039911788,0.0162745807097753,18.544397939615973,1.48,bD212328,bD,G,g
661428856578,2459268.7549183,2.1043300255293182,0.04964233893113133,15.592280992434347,0.025641920896892018,17.91301002300187,1.44,bD213785,bD,G,g
661428856578,2459270.6531058,2.1194315501123184,0.0829848427967531,15.584517134763958,0.04255901356127643,17.35514367239536,1.53,bt324341,bt,G,g
661428856578,2459274.7119964,1.984944406377761,0.14883378247670315,15.655694753024916,0.08150145162673514,16.720886813692925,1.56,bt325392,bt,B,g
661428856578,2459274.7144771,1.3782285909508505,0.22277379096056177,16.051762484820475,0.17569322429313003,16.28298037309126,1.51,bt325394,bt,B,g
661428856578,2459275.7181654,1.7056626988890962,0.10716801790190868,15.820332742329091,0.06829426243313164,17.077477615425657,1.50,bt325707,bt,B,g
661428856578,2459276.6786699,2.0126638887775683,0.03349504730848298,15.640637485901374,0.018089289682654962,18.340189122626953,1.50,bt326068,bt,G,g
661428856578,2459277.708669,2.089979460598678,0.04571756198229018,15.599710577091304,0.023776789720425576,18.00243295553028,1.75,bt326492,bt,B,g
661428856578,2459284.8063951,2.0165731899835433,0.03389359750529126,15.638530649741817,0.01826904524793276,18.32734644194704,2.14,bD215513,bD,G,g
661428856578,2459288.7437197,2.013470420176787,0.03225404514655061,15.640202487818886,0.017412098222646496,18.381180137683963,1.82,bD215751,bD,G,g
661428856578,2459291.6473218,1.7974809567950663,0.040489230086686555,15.763404877291148,0.024484283150009372,18.13429181488313,1.49,bt330050,bt,G,g
661428856578,2459299.632523,2.208185933802247,0.10116438169328686,15.53997652456623,0.0497971129903377,17.14007153267535,1.54,bt332098,bt,B,g
661428856578,2459301.6332694,1.9226771796235258,0.1361466890432679,15.69029969311779,0.0769684755907625,16.81762290099301,1.53,bt332835,bt,B,g
661428856578,2459304.6273706,1.7620544399243867,0.0447770570539408,15.78501731698217,0.027621572345491573,18.02500174537097,1.47,bt333722,bt,G,g
661428856578,2459307.6240481,1.8426743751241061,0.06975933002007435,15.736444131197606,0.04114962455716854,17.54363485916753,2.45,bt334683,bt,B,g
661428856578,2459310.6153855,2.2238364773856376,0.11669743454353199,15.532308498168177,0.05703883304245353,16.984987339705672,1.65,bt335458,bt,B,g
661428856578,2459312.6014373,2.003781481037229,0.04174987744306575,15.64543972594366,0.022647330558748978,18.101002599071478,1.67,bt336049,bt,G,g
661428856578,2459314.6014913,1.9729910022129433,0.05780691242951946,15.662252860619288,0.03184687633972666,17.747691177566406,1.99,bt336794,bt,G,g
661428856578,2459317.6027683,1.9736840063397472,0.051106295314673963,15.661871567669339,0.028145498882179456,17.881454611006163,1.43,bt337813,bt,G,g
661428856578,2459409.1210234,1.7658921082996826,0.10334871815761836,15.782655207985659,0.06361405812213898,17.116877875423015,1.49,bD252754,bD,G,g
661428856578,2459411.1169557,1.9690923831206222,0.05827176498200592,15.664400391690222,0.03216653292826293,17.738995180068827,1.55,bD253405,bD,G,g
661428856578,2459415.1203931,2.0041888837086104,0.058602231843119704,15.645218999844662,0.03178247250452697,17.732855220770084,1.84,bD254779,bD,G,g
661428856578,2459419.9598548,0.8324855485366007,0.23223953102021117,16.23780024689455,99.999,16.23780024689455,1.47,bt358524,bt,B,g
661428856578,2459424.0900293,1.8721304680098318,0.06426514310421869,15.719225344126468,0.03731225874011156,17.63270191405229,1.55,bD257269,bD,G,g
661428856578,2459426.0899143,1.7955117895060126,0.05041109960160897,15.764594969553489,0.030517579333235706,17.89632518476296,1.45,bD257824,bD,G,g
661428856578,2459432.0667285,2.1487590163971095,0.03341181666353837,15.569596342182567,0.016901472779613666,18.342890387215085,1.62,bD260014,bD,G,g
661428856578,2459433.0921893,1.7472441354853112,0.03496816796798816,15.79418164361652,0.021753616139920145,18.293458412441694,1.45,bD260389,bD,G,g
661428856578,2459434.0689061,1.7592741444362214,0.03399671976566492,15.786731822190298,0.021004660577711762,18.324048072983295,1.47,bD260745,bD,G,g
661428856578,2459437.0529609,2.0053815512389463,0.033258306735932386,15.64457308409028,0.018026661004379985,18.347890275388014,1.51,bD261860,bD,G,g
661428856578,2459439.0553269,1.873072618130121,0.029971403894180862,15.718679084554442,0.01739260539774455,18.4608728957851,1.49,bD262616,bD,G,g
661428856578,2459441.0462005,1.9317677332216436,0.029557299590040217,15.68517835311373,0.016631139966714285,18.475978727486716,1.47,bD263222,bD,G,g
661428856578,2459445.0448945,2.0889856773002755,0.04515802942051809,15.600226966432441,0.02349696080777106,18.015803155992963,1.41,bD264615,bD,G,g
661428856578,2459449.9106304,2.410389940023545,0.1686767875772424,15.444847357025985,0.0760641800227969,16.585002308062624,1.46,bt363525,bt,B,g
661428856578,2459454.028123,1.9809629801732231,0.06757822830461258,15.657874723260088,0.03708024668732142,17.578123607169363,1.46,bD267353,bD,G,g
661428856578,2459461.0001555,2.1212281812682283,0.030420885620076776,15.583597151679795,0.015588223989204762,18.44471097847832,1.72,bD269604,bD,G,g
661428856578,2459462.0001477,1.9246396298584714,0.034670919353180764,15.689192062236103,0.019580695170660332,18.302727216940674,1.52,bD270002,bD,G,g
661428856578,2459465.0035767,2.118644086914363,0.03529283349265919,15.584920609070224,0.018106757889367817,18.28342429348029,1.44,bD270512,bD,G,g
661428856578,2459465.8609326,1.8888542173080236,0.0513729678216284,15.709569521895155,0.02956299215849297,17.87580397222743,1.44,bt367259,bt,G,g
661428856578,2459466.8378207,2.086008847494346,0.046006788436547645,15.60177525705856,0.023972754859331157,17.995585816856924,1.46,bt367604,bt,G,g
661428856578,2459468.9625496,1.9356983815304392,0.034250258771787376,15.68297140493639,0.019232615214469933,18.315980968751745,1.42,bD272089,bD,G,g
661428856578,2459472.9920665,2.029873516485308,0.022013048307929866,15.631393178735472,0.011787545493520447,18.79594014480821,1.38,bD273013,bD,G,g
661428856578,2459474.8242407,2.0083121837605584,0.08246081508690753,15.642987564811984,0.04463017327256574,17.36202155322703,1.49,bt370022,bt,G,g
661428856578,2459476.0216365,1.8809224036412102,0.13698050937067124,15.714138423897456,0.07915895824482964,16.810993669371364,1.55,bD273655,bD,G,g
661428856578,2459479.9317063,1.7049742762832978,0.06231065307217546,15.820771044829698,0.03972433582884841,17.666234853745188,1.61,bD275121,bD,G,g
661428856578,2459481.958613,2.1141262356818036,0.05148592038873093,15.587238332990864,0.026470962802381925,17.873419409396682,1.66,bD275937,bD,G,g
661428856578,2459486.9265434,1.9767728343799384,0.0392441203472686,15.660173711825243,0.021578935024549335,18.168204114281245,1.49,bD277685,bD,G,g
661428856578,2459490.0721366,1.9464621291469553,0.027047812423165833,15.676950726295892,0.015104221999439234,18.57231024661261,1.48,bD278756,bD,G,g
661428856578,2459493.9082412,2.130817708410154,0.03478243764724951,15.578699878824851,0.017742952526366543,18.299240573280937,1.52,bD280235,bD,G,g
661428856578,2459496.8846757,1.8471979744099736,0.032636226005914426,15.733782013099315,0.01920430792666495,18.368390781547777,2.18,bD281175,bD,G,g
661428856578,2459500.8962233,1.7995387198880093,0.028248473425184727,15.76216263324726,0.01706262948351003,18.525153153702416,1.54,bD281891,bD,G,g
661428856578,2459501.783996,1.767685595175212,0.04327520975828709,15.781553065078873,0.02661008926292495,18.06204265741353,1.47,bt377500,bt,G,g
661428856578,2459502.7428769,1.8772734065116785,0.05863538581285722,15.71624680235335,0.033950363752504764,17.732241143702424,1.49,bt377880,bt,G,g
661428856578,2459503.8281709,2.0638397074652235,0.0708359483200157,15.613375712649432,0.03730696512985589,17.527006330393498,1.54,bt378362,bt,G,g
661428856578,2459506.8660782,2.0058411903707665,0.06072357229839749,15.644324258791427,0.032905836837880655,17.694247329724018,1.53,bD283661,bD,G,g
661428856578,2459507.8533703,2.214688693509759,0.0803586764008962,15.536783901067931,0.03943957796337283,17.390058674418686,1.54,bt379860,bt,G,g
661428856578,2459509.732667,2.3675596378486636,0.10990578368620037,15.464313303503271,0.05045820449241912,17.050089243056124,1.45,bt380609,bt,G,g
661428856578,2459514.0567949,1.8711378969378165,0.04870122567638689,15.719801135263449,0.028290867793479973,17.93379088305688,1.42,bD286737,bD,G,g
661428856578,2459515.8728492,2.086314255371708,0.03444547008737503,15.601616308491016,0.017945871893192713,18.309810321262056,1.48,bD287442,bD,G,g
661428856578,2459518.0589881,2.027259406319933,0.03846197845199763,15.632792311816168,0.020622175034461773,18.19006156088742,1.45,bD288435,bD,G,g
661428856578,2459520.9985903,1.945384071594177,0.03151606032612799,15.677552233182563,0.01760916407778365,18.406310803671815,1.54,bt384732,bt,G,g
661428856578,2459523.8131925,2.0336165845198066,0.026865399447315086,15.629392934841501,0.014359403518181501,18.579657355827056,1.73,bD290793,bD,G,g
661428856578,2459524.8377209,2.0076421714267996,0.02152447850025021,15.643349848140332,0.011653556901653131,18.820309016262364,1.45,bt385774,bt,G,g
661428856578,2459527.8162476,2.002613783343732,0.04070094255856535,15.646072619911568,0.022091206663471207,18.128629444445234,1.45,bD292516,bD,G,g
661428856578,2459528.865043,1.91825603562154,0.035071213744560396,15.692799188922793,0.019872677993480307,18.29026362092979,1.47,bt387331,bt,G,g
661428856578,2459530.7923805,1.489797310745617,0.17470860532299326,15.967247657312857,0.12746744579954528,16.54685486941631,1.50,bD293700,bD,B,g
661428856578,2459531.7874056,2.027512445199188,0.03258734550742034,15.632656800629432,0.017470190039685324,18.37001814833025,1.50,bt388485,bt,G,g
661428856578,2459532.801097,2.0720738566844115,0.03552524696310985,15.609052544093888,0.018635628623167692,18.27629784713602,1.55,bt388913,bt,G,g
661428856578,2459534.8629669,1.8399291152969424,0.058135871445599806,15.73806289278609,0.03434434733893762,17.741530144337865,1.52,bt389808,bt,G,g
661428856578,2459542.9688297,1.921942383822712,0.05168235730703556,15.690714711769491,0.02922901113299776,17.869284825847213,1.45,bD297673,bD,G,g
661428856578,2459547.8104613,2.0677733266200127,0.02834076605397758,15.611308300243042,0.0148977550376898,18.52161164869967,1.46,bt393418,bt,G,g
661428856578,2459548.9127541,1.8853486306291547,0.041855894097587505,15.711586447653554,0.02413110038296361,18.098249052762508,1.67,bt393928,bt,G,g
661428856578,2459550.7589849,1.8749658466400705,0.030576717808239597,15.717582219124015,0.01772595639253963,18.439163448505568,1.50,bt394672,bt,G,g
661428856578,2459552.841978,2.113048385428454,0.03993572808590149,15.587792017744215,0.020543022295520904,18.14923659480411,1.44,bt395597,bt,G,g
661428856578,2459555.9478955,2.0436732608834745,0.07942172410121316,15.624036965467731,0.042241567001889614,17.402792335007945,1.55,bt396592,bt,B,g
661428856578,2459562.941498,1.9670434130490706,0.03586355257638412,15.665530759800113,0.019817621770334793,18.266007342053502,1.49,bt397840,bt,B,g
661428856578,2459564.8136088,2.1628851474168336,0.09848182015328286,15.562481976443896,0.049491974558240844,17.169250444736644,1.98,bt398610,bt,G,g
661428856578,2459586.9273049,1.8811033722211108,0.026311686432616627,15.7140339673355,0.01520366163190629,18.602268899351515,1.48,bD300800,bD,G,g
661428856578,2459588.9352747,1.9301177288731013,0.029791234560323537,15.686106122508143,0.016777099247158325,18.46741935914253,1.54,bD301679,bD,G,g
661428856578,2459597.9070878,1.6486788095277318,0.0892637857560839,15.857225482316613,0.05885067092631171,17.275952357171946,1.49,bD304808,bD,G,g
661428856578,2459599.7471352,2.03727674912354,0.037441910898644154,15.627440550452725,0.01997653448662059,18.219245597844928,1.48,bD305402,bD,G,g
661428856578,2459602.9105948,1.9422173306244752,0.05005827681070381,15.679321059626755,0.028014975249408634,17.90395087263659,2.16,bD306729,bD,G,g
661428856578,2459605.7550137,2.072742232804342,0.05336587159011308,15.60870238131589,0.027985333267748373,17.83448159426752,1.49,bD307885,bD,B,g
661428856578,2459605.8083601,2.0592062982167936,0.035098882899862426,15.615815977581365,0.018527021652372085,18.28940737570112,1.47,bt411692,bt,G,g
661428856578,2459606.8792929,1.6477155555790666,0.03400092278139802,15.857860017872964,0.022429553837282883,18.323913851672515,1.49,bD308390,bD,G,g
661428856578,2459607.7691149,2.010541032530341,0.03854149499328075,15.641783269993459,0.020836644794957872,18.18781922000142,1.57,bt412522,bt,G,g
661428856578,2459608.8004055,2.036328215967884,0.038386030770844334,15.62794617474175,0.02048979440684931,18.192207593680607,1.42,bt412783,bt,G,g
661428856578,2459609.779459,2.0581107874219042,0.03242724994294439,15.616393749822873,0.01712590547746969,18.37536531386141,1.47,bt413151,bt,G,g
661428856578,2459610.8092284,1.8265299130085482,0.08809652739988269,15.745998649707666,0.05242569219255066,17.29024363725634,1.52,bt413444,bt,B,g
661428856578,2459614.85236,1.844778411646478,0.02757645285568432,15.73520510306166,0.01624824157128192,18.55129460552605,1.47,bD311262,bD,G,g
661428856578,2459617.8076186,2.057477613315357,0.034000995604536885,15.616727826018002,0.017962578877552163,18.3239115262464,1.57,bD312300,bD,G,g
661428856578,2459625.7807048,2.025692756467933,0.06795566829297903,15.633631684441799,0.03646399810847321,17.57207639196839,1.68,bD315593,bD,G,g
661428856578,2459628.8311327,1.5547195186789304,0.12195575346928175,15.920935494947665,0.08526335458223629,16.93713487716468,1.62,bD316679,bD,B,g
661428856578,2459629.7220556,1.6939327068892205,0.055455297885319624,15.827825238356859,0.03558435199715191,17.792783005181814,1.49,bt418085,bt,G,g
661428856578,2459630.7338981,2.0184417421628313,0.050493445331587596,15.637525074827888,0.027191361812324122,17.894553098872244,1.52,bt418494,bt,G,g
661428856578,2459632.7898642,1.8244323425185005,0.028896278785245606,15.747246215863797,0.017215765116428968,18.500535814852622,1.49,bD317772,bD,G,g
661428856578,2459634.7936766,2.037048255578834,0.03428856124033654,15.627562329502759,0.018296167093324413,18.31476745555857,1.54,bD318636,bD,G,g
661428856578,2459637.7410624,1.8451326120013376,0.0233417670059965,15.734996660013724,0.013750494523298122,18.732306287234536,1.48,bD319786,bD,G,g
661428856578,2459639.6475085,2.224364274806293,0.07605531382105549,15.532050843982589,0.03716514435474452,17.449816704768093,1.53,bt420954,bt,B,g
661428856578,2459640.7880476,1.7123350601700125,0.03627958840984933,15.81609374983878,0.02302956713634175,18.253484733026145,1.45,bD321066,bD,G,g
661428856578,2459643.5903172,1.9368134642557457,0.023464524177630116,15.682346133397997,0.01316849456856769,18.72661123181124,1.55,bt421787,bt,G,g
661428856578,2459644.6458514,2.0520332714470375,0.028824455476707235,15.61960462702987,0.015268236778584205,18.503237831993253,1.49,bt422223,bt,G,g
661428856578,2459645.7018737,1.6617159217650206,0.047168649694896855,15.84867366956292,0.03085381245732963,17.968507001941404,1.61,bt422570,bt,G,g
661428856578,2459650.7554494,1.9649474357919623,0.050399088187720785,15.666688279588648,0.02787943158045305,17.896583913117233,1.51,bD324382,bD,G,g
661428856578,2459652.638345,2.14120467113955,0.05226796340285049,15.573420166916135,0.026533196225709068,17.85705166558538,1.46,bt424995,bt,G,g
661428856578,2459653.6693944,1.7578820892335756,0.06692780975058636,15.787591269261194,0.04138367399023507,17.588624079666985,1.44,bt425387,bt,G,g
661428856578,2459655.7388439,2.451693876510473,0.10472533591699741,15.426400016436679,0.04642989402425717,17.102511206245904,1.54,bD326390,bD,G,g
661428856578,2459657.6435252,1.9696083327507994,0.11353018822994083,15.664115939919485,0.06265325773599806,17.014862216684453,1.49,bt426550,bt,G,g
661428856578,2459659.7319377,2.0375289066882503,0.03525308262858156,15.627306175161834,0.018806392365165136,18.284647864148592,1.69,bD328037,bD,G,g
661428856578,2459659.7331908,1.996997046836657,0.04537101004195784,15.649122065693222,0.024695236951460274,18.010694492527414,1.66,bD328038,bD,G,g
661428856578,2459661.6425366,1.9893566145044976,0.028348647334719954,15.653284016621676,0.015489302862187661,18.521309758403564,1.48,bt427580,bt,G,g
661428856578,2459661.6450173,2.0558101306922363,0.047858673677745565,15.617608117632194,0.02530403790660085,17.952738964675603,1.44,bt427582,bt,G,g
661428856578,2459663.6579029,2.00858779998119,0.03355266721742773,15.642838571055087,0.018157180111353522,18.33832298782729,1.70,bt428102,bt,G,g
661428856578,2459664.6487432,2.1049270809280642,0.045854433329256664,15.591972983372122,0.02367862326894117,17.999187284472086,1.46,bt428468,bt,G,g
661428856578,2459666.6333395,1.8508639213855929,0.03845238289701711,15.731629397609302,0.02258192397798407,18.19033246586065,1.44,bt429173,bt,G,g
661428856578,2459667.6347176,2.0053952624074394,0.06777258126652888,15.64456566073429,0.0367338302745935,17.5750055439239,1.55,bt429497,bt,B,g
661428856578,2459670.6115739,2.0005213894692906,0.03710706964749347,15.647207624298336,0.02016162964729466,18.22899896298416,1.61,bt430166,bt,G,g
661428856578,2459672.6139123,1.9066241905068855,0.03527764316078274,15.69940287508041,0.020111600647951682,18.28389170405529,2.10,bt430812,bt,G,g
661428856578,2459678.597736,2.150655836640911,0.08259039167477618,15.568638329701043,0.04174176236589367,17.360316797177056,2.35,bt432765,bt,G,g
661428856578,2459681.5967245,2.021845347759147,0.12050587061586673,15.635695789623858,0.0647846988489704,16.950120099684217,2.30,bt433903,bt,G,g
661428856578,2459681.5979532,1.6075280406351466,0.15099262581529538,15.884669229276183,0.10209614713756748,16.705251267148466,2.28,bt433981,bt,G,g
661428856578,2459776.1169445,2.0018796603450038,0.11951485666022438,15.646470704682391,0.06489273829235069,16.95908587407886,2.02,bD360414,bD,G,g
661428856578,2459780.1082999,1.7844696171509147,0.05355171363149714,15.771292727425871,0.03261943146726009,17.83070717988124,1.53,bD360993,bD,G,g
661428856578,2459792.0870867,1.9408202469540494,0.03566364531055153,15.68010233683935,0.019973427173450613,18.272076281635947,2.00,bD364268,bD,G,g
661428856578,2459794.0809682,2.135376911414886,0.038244160689211486,15.576379265682384,0.019467167438854564,18.19622777572769,1.69,bD364988,bD,G,g
661428856578,2459794.0822445,2.014482492843101,0.05174851422307721,15.639656878680688,0.02792200241248999,17.867895898775934,1.79,bD364989,bD,G,g
661428856578,2459800.0611033,1.7337683275620728,0.038323403044072765,15.802587959765244,0.024026204777062847,18.19398044486993,1.54,bD365842,bD,G,g
661428856578,2459801.1193035,2.146719193960515,0.04402994560900611,15.570627523871174,0.02229385038628795,18.043270239022252,1.52,bD366238,bD,G,g
661428856578,2459802.9204458,2.126879760064282,0.1310512860171773,15.580708276247359,0.06697466057712906,16.859037393763614,1.48,bt463044,bt,G,g
661428856578,2459805.0425859,1.9694113535736233,0.08717898383462208,15.664224529081993,0.04811578082236858,17.30161110509442,1.50,bD367679,bD,G,g
661428856578,2459807.0418217,1.9439596382891717,0.05814616532748243,15.678347513309504,0.03251217379824381,17.741337914470094,1.48,bD368425,bD,G,g
661428856578,2459810.0428773,2.137294960350295,0.056230303554929514,15.575404468003525,0.028596846154722747,17.77771454139022,1.50,bD369288,bD,G,g
661428856578,2459817.0390797,1.776806410506447,0.039235696813706776,15.775965341216878,0.024002331533958105,18.16843718657234,1.50,bD371244,bD,G,g
661428856578,2459818.973732,2.0078713761174876,0.08942321851206489,15.643225900939903,0.04840905234903095,17.274014869193593,1.47,bt464917,bt,B,g
661428856578,2459818.9749606,2.156713483793958,0.11609669333487373,15.565584488399564,0.0585112760322245,16.9905909855856,1.50,bt464918,bt,B,g
661428856578,2459821.0307446,1.865302535698391,0.027703010266963996,15.723192420755993,0.016143208463611686,18.546323204006722,1.46,bD372519,bD,G,g
661428856578,2459822.9969472,2.1238761079537944,0.03311113740614662,15.582242673651907,0.016945605542164007,18.352705362617822,1.48,bD373211,bD,G,g
661428856578,2459824.9921751,1.836569055232283,0.036004508443657796,15.740047465990738,0.02130893752856776,18.261748396356698,1.46,bD373916,bD,G,g
661428856578,2459827.9819049,2.003542544668105,0.030546696157056696,15.64556919980963,0.016572111579989734,18.44022999875604,1.47,bD374653,bD,G,g
661428856578,2459828.9086663,2.064238179234109,0.03400902268728028,15.613166106513468,0.017907976598722203,18.323655231817654,1.48,bt466241,bt,G,g
661428856578,2459830.8511225,1.6731127289066836,0.10488046654793703,15.841252614029283,0.06813677593130137,17.100904084961563,1.45,bt466780,bt,G,g
661428856578,2459831.8463072,1.8936051959550113,0.18275193456000613,15.70684203077142,0.1049022296489098,16.497985654011917,1.58,bt467028,bt,B,g
661428856578,2459833.8256598,2.2592732852871062,0.2120703418155798,15.51514370466078,0.1020289323142233,16.336440770495667,1.74,bt467729,bt,G,g
661428856578,2459835.8227312,1.3446594523004645,0.11596536201988249,16.07853484956522,0.09374069124171433,16.991819891177336,1.42,bt468109,bt,G,g
661428856578,2459842.0921082,2.0571093651722254,0.036028622845304156,15.61692216889834,0.019037172857216608,18.261021456421336,1.53,bD378772,bD,G,g
661428856578,2459843.9374227,2.1970156072812603,0.037583566207364326,15.545482767040522,0.018594179424087833,18.215145644443286,1.47,bD379461,bD,G,g
661428856578,2459844.8068506,1.891353982024257,0.03469534596007064,15.708133576937476,0.01993933072482383,18.30196255554695,1.43,bt470360,bt,G,g
661428856578,2459845.7960609,2.1277879944770937,0.0386950374370904,15.58024473688012,0.019766923871342483,18.183502433512658,1.49,bt470732,bt,G,g
661428856578,2459846.8006694,1.9160811638177018,0.03609540539623257,15.694030868448376,0.020476239233039907,18.259010801834258,1.48,bt471114,bt,G,g
661428856578,2459847.9490197,2.051403037850702,0.03619693526023661,15.619938136501837,0.01917931002447248,18.255961108860166,1.45,bD381051,bD,G,g
661428856578,2459851.9228567,1.9682805274087005,0.0250544690411564,15.664848132441222,0.013835994485424946,18.655427602620346,1.47,bt472767,bt,G,g
661428856578,2459853.7778576,2.138311643318312,0.042808160228718965,15.574888120439184,0.021760443146655557,18.073824202664895,1.45,bt473144,bt,G,g
661428856578,2459854.9127363,1.7892445840895503,0.04119727642537624,15.76839134400515,0.02502712523857568,18.11546934760499,1.45,bD383728,bD,G,g
661428856578,2459855.7983622,1.8579775454726768,0.03865714196850239,15.727464469688549,0.02261525316968748,18.184566255782443,1.51,bt473702,bt,G,g
661428856578,2459859.1320907,1.9635703185707425,0.03197011767281779,15.667449475632553,0.017697419632280293,18.390780024472583,1.44,bD384351,bD,G,g
661428856578,2459859.1333553,1.9410200823378365,0.0422168280294877,15.679990550422108,0.023641103444185876,18.088926612973353,1.48,bD384352,bD,G,g
661428856578,2459864.7376141,1.4069059237777524,0.22626802425458792,16.02940297668784,0.17481162064067302,16.26608264978752,1.71,bt474711,bt,G,g
661428856578,2459869.0144504,1.9260423095874821,0.04745719128857688,15.688401064559965,0.026782331477229217,17.961885533163674,1.44,bD386383,bD,G,g
661428856578,2459870.8762656,1.9097062519160597,0.033655419055122884,15.697649197596126,0.019155813726391448,18.33500310525362,1.45,bD387101,bD,G,g
661428856578,2459884.8604477,1.8968294549011833,0.04042223285330759,15.70499490987993,0.02316350028708794,18.13608986267215,1.97,bD390367,bD,G,g
661428856578,2459885.8446661,2.063362415054467,0.050008204688111714,15.613626833693443,0.02634376967885863,17.905037452679586,1.52,bD390744,bD,G,g
661428856578,2459886.8405382,1.933748133835308,0.057551836855047736,15.684065853303482,0.032349789154593356,17.752492638040227,1.55,bD391134,bD,G,g
661428856578,2459886.8418028,1.9387833819166396,0.06274814690974641,15.681242400892316,0.03517902419978884,17.658638349754913,1.54,bD391135,bD,G,g
661428856578,2459889.004875,2.018030100931278,0.03904809487296741,15.637746522571058,0.021032184487274706,18.17364098686542,1.78,bt480640,bt,G,g
661428856578,2459890.922712,1.462796996399708,0.09115038119037226,15.987105472486185,0.06773086186103319,17.25324438841261,1.47,bD391684,bD,G,g
661428856578,2459900.0566923,2.0231132307962088,0.03846903509970621,15.635015146529456,0.020668229513867077,18.189862378332318,1.47,bD393194,bD,G,g
661428856578,2459902.9162462,1.9009642381469891,0.02633484579552471,15.702630755317879,0.015058059384821805,18.60131366225056,1.51,bD393920,bD,G,g
661428856578,2459907.7610739,2.0025062390058292,0.025060390963036448,15.646130927667967,0.013602731848729855,18.655171006272823,1.50,bD394624,bD,G,g
661428856578,2459909.8318284,1.9277482559578556,0.03258047531976669,15.687439825059702,0.01837042778834468,18.370247071482872,1.64,bD395551,bD,G,g
661428856578,2459910.6921889,2.0355170150078714,0.14044328016067897,15.628378779722201,0.0749960517055641,16.78388820095978,1.42,bH414758,bH,G,g
661428856578,2459910.8232016,2.0924602709668845,0.05891922219239155,15.598422570031953,0.030606379345125664,17.72699809900034,1.49,bD395967,bD,B,g
661428856578,2459911.7115072,0.7400883518810106,0.23126114511478038,16.242383932020296,99.999,16.242383932020296,1.42,bH415093,bH,G,g
661428856578,2459912.7081021,3.963949257988682,0.16557492013908734,14.90474540603153,0.04540238221236346,16.60515422582239,1.52,bH415395,bH,G,g
661428856578,2459914.6904959,3.371181106775235,0.22571624659338116,15.080610411433401,0.07277679202819261,16.26873356186566,1.58,bH415770,bH,G,g
661428856578,2459915.0330249,1.8647417538264324,0.03069553962659626,15.723518884003445,0.01789240623639527,18.434952429776168,1.82,bD396480,bD,G,g
661428856578,2459915.6813585,1.921971627744223,0.22483703407771446,15.690698191532952,0.127154884594258,16.272970992210006,1.53,bH416065,bH,G,g
661428856578,2459915.8497372,1.9177397445635014,0.03434360496804041,15.693091449878962,0.019465626399968388,18.31302591120326,1.46,bD396713,bD,G,g
661428856578,2459916.8073616,1.6883954053563526,0.06589749881621189,15.831380218194726,0.04242354360675389,17.60546828402134,1.64,bD397082,bD,G,g
661428856578,2459916.8099011,1.6134825099831214,0.09961839149696013,15.880654967159238,0.06711003041732101,17.156791798809387,1.57,bD397084,bD,G,g
661428856578,2459917.6648712,1.225019890499886,0.37312480855904706,15.723005297322363,99.999,15.723005297322363,1.52,bH416628,bH,G,g
661428856578,2459927.6704201,1.1813894692956468,0.2918154048781566,15.989870075233778,99.999,15.989870075233778,1.48,bH419105,bH,G,g
661428856578,2459928.6433578,1.8471291888096684,0.1074865985758209,15.733822444286552,0.06325126581797694,17.07425481191509,1.42,bH419368,bH,G,g
661428856578,2459929.0031117,2.1086674366105647,0.051512269069571584,15.590045393694023,0.026553071310643293,17.87286390997459,1.53,bD398906,bD,G,g
661428856578,2459929.0043753,2.1068416377406365,0.05878216298721666,15.59098589033378,0.03032674799868054,17.729526704900568,1.50,bD398907,bD,G,g
661428856578,2459929.6373768,2.3424735330869897,0.1279538257416779,15.475878890724431,0.05937324089553509,16.885007422545748,1.44,bH419558,bH,G,g
661428856578,2459931.6264724,2.0868637120905063,0.11318936067369022,15.601330404050493,0.058955413840850956,17.018126594175936,1.44,bH420117,bH,G,g
661428856578,2459932.8214861,1.827804727183939,0.03548597233650706,15.745241131802501,0.02110275156189543,18.27749883731193,1.48,bt491596,bt,G,g
661428856578,2459934.6235176,1.9350072273604133,0.11796678303547242,15.683359143601772,0.06626578048698352,16.973241270618196,1.40,bH420850,bH,G,g
661428856578,2459935.620119,2.058745536915653,0.13796575629735783,15.616058945565701,0.07284182328271326,16.803212346463983,1.40,bH421150,bH,G,g
661428856578,2459964.7086626,2.1016275616360636,0.0502243133741654,15.593676233938304,0.02597588933855659,17.900355591089546,1.58,bD399744,bD,G,g
661428856578,2459965.7052043,1.8491190496386134,0.0806768562378047,15.732653440467676,0.0474237908360905,17.38576819501398,1.54,bD400145,bD,G,g
661428856578,2459965.7142438,1.9735117207290038,0.04428342937514105,15.661966347223329,0.024390107167188885,18.037037496630667,1.47,bt493791,bt,G,g
661428856578,2459966.7133429,1.7604823020222078,0.03879961673470164,15.78598646352493,0.023955649200403408,18.18057202238104,1.55,bD400892,bD,G,g
661428856578,2459970.639643,2.0841978881775356,0.0480449938375943,15.602718243506873,0.025056555178814683,17.94852025640344,2.08,bt495595,bt,G,g
661428856578,2459970.6421235,2.367727503920195,0.1013491881479359,15.464236324741043,0.046526536878915344,17.138089926064577,2.11,bt495597,bt,G,g
661428856578,2459971.8072906,2.2296290031316297,0.04990211710450473,15.529484109613456,0.024327559230323214,17.90734318389173,2.29,bt496054,bt,G,g
661428856578,2459972.8219246,2.0920042973249267,0.042411993479709316,15.598659191509023,0.022036280217816083,18.08391889652194,1.55,bt496545,bt,G,g
661428856578,2459972.8244051,2.08410453018783,0.060714969204501604,15.60276687824556,0.03166565342002098,17.69440116376082,1.53,bt496547,bt,G,g
661428856578,2459978.6604249,1.9899677845582513,0.09824240867367887,15.65295050801906,0.053661786712251316,17.17189310691526,2.01,bt498096,bt,G,g
661428856578,2459980.6048141,2.2063793739146855,0.12003060638702,15.540865150036128,0.059132192751235685,16.95441061111115,1.47,bt498999,bt,G,g
661428856578,2460019.7484251,1.7454171193607526,0.03528781853951061,15.795317544059937,0.021975448776115934,18.283578582681393,1.61,bD405117,bD,G,g
661428856578,2460022.7672879,1.871470860534271,0.0324348929396486,15.719607948822699,0.018838294069188324,18.37510943954384,2.30,bD406496,bD,G,g
661428856578,2460024.7306548,1.9293432641335564,0.034588599342699124,15.686541864400517,0.01948658091708353,18.30530817215166,2.11,bD407220,bD,G,g
661428856578,2460028.7238113,2.0499366030557677,0.09000719877370321,15.620714546921858,0.04772533529315464,17.266947497214197,1.78,bD407964,bD,G,g
661428856578,2460033.626853,1.8732682595983374,0.07830711061930654,15.718565685890349,0.045437392188801225,17.41813761234723,2.40,bt515172,bt,G,g
661428856578,2460142.1201663,1.7426294209650155,0.09291897043007279,15.797053017302991,0.057957750332438954,17.232379638836264,1.50,bD446202,bD,G,g
661428856578,2460147.1040333,2.0048684212153995,0.02979939815296747,15.644850934025412,0.01615599798147002,18.467121879228444,1.59,bD446587,bD,G,g
661428856578,2460159.0760996,2.0963634170515077,0.22259149937954695,15.596399191365935,0.11541285254566408,16.28386917419308,1.47,bD451532,bD,G,g
661428856578,2460160.0695838,2.28056955538442,0.08766592341278044,15.50495731632659,0.04178300414597204,17.29556358212426,1.51,bD451968,bD,G,g
661428856578,2460172.0421957,1.94416751019503,0.03184023707375553,15.678231419341513,0.017801425627962893,18.39519987965118,1.49,bD454218,bD,G,g
661428856578,2460181.020098,1.957459514599492,0.04529728062469866,15.670833651099505,0.02515309983416836,18.012460285501565,1.54,bD455936,bD,G,g
661428856578,2460186.000494,1.9917752171794925,0.08337043391925021,15.651964811469348,0.045497120401505546,17.350110456738655,1.49,bD457480,bD,G,g
661428856578,2460190.8643628,2.1989430088372686,0.09591522327545711,15.544530688111987,0.047411723293570046,17.197921756189306,1.40,bt520402,bt,G,g
661428856578,2460191.8631938,2.1366546090513703,0.09209783342339603,15.575729812316986,0.0468519058969711,17.242017077299987,1.51,bt520774,bt,G,g
661428856578,2460197.0070264,1.9173286738639346,0.030521522392656274,15.69332420418436,0.017303015529020867,18.441125131105295,1.53,bD461494,bD,G,g
661428856578,2460200.1365493,2.006935439141418,0.05135442581608319,15.64373211741579,0.02781356438891737,17.876195916892527,1.51,bD462813,bD,G,g
661428856578,2460203.0884456,1.8740914846044392,0.03134739709989898,15.718088653916277,0.018181213669231984,18.412136897814133,1.47,bD464126,bD,G,g
661428856578,2460207.9606406,1.867281264721689,0.02773112843873829,15.72204127288839,0.016142469525695518,18.545221755677662,1.48,bD466128,bD,G,g
661428856578,2460210.8314795,1.9025246666898992,0.03627924172385032,15.701739881753413,0.020727173258730202,18.253495108318585,1.47,bt525760,bt,G,g
661428856578,2460211.828096,2.0778356112294305,0.03333219190262171,15.606037659272667,0.017436722701550802,18.345480927657373,1.48,bt526071,bt,G,g
661428856578,2460213.0486127,2.1242817243901877,0.0427871675242401,15.58203534027638,0.021893419433605666,18.074356767708895,1.58,bD468011,bD,G,g
661428856578,2460216.8394869,2.0902492690098544,0.10909041333132609,15.599570421717175,0.05672841894396244,17.058174143317736,1.48,bt526801,bt,G,g
661428856578,2460218.0619714,2.2602680773354953,0.10785507700817934,15.514665743879396,0.05186720129893489,17.07053912832467,1.50,bD470046,bD,G,g
661428856578,2460224.9093065,1.788503132559184,0.03016378747202328,15.768841359403591,0.018331936308187496,18.453925931003596,1.82,bD472936,bD,G,g
661428856578,2460227.8847092,2.0050706515037713,0.034474871814055515,15.644741421765007,0.018688960773678594,18.308883961345806,1.55,bD474228,bD,G,g
661428856578,2460229.8942164,1.9054378238287022,0.03541091617009421,15.700078667494786,0.020200148118452475,18.279797703437815,1.43,bD475119,bD,G,g
661428856578,2460230.8530578,1.9675526382158937,0.03201298901327862,15.665249722460635,0.01768528399824604,18.389325047499394,1.54,bt530953,bt,G,g
661428856578,2460231.9482201,1.8951386104882444,0.05153467980050129,15.705963172842988,0.02955770939122037,17.872391656451395,1.53,bt531504,bt,G,g
661428856578,2460233.06274,2.0658110217005796,0.03325809291928572,15.612339146828628,0.017499229416185792,18.347897255575628,1.47,bD476642,bD,G,g
661428856578,2460234.8860757,1.9284143461437226,0.029498153957223834,15.687064738056248,0.016626722823954634,18.47815351652027,1.46,bD477454,bD,G,g
661428856578,2460235.8023042,2.036977467930126,0.037279428643473334,15.627600059609673,0.019892766969046252,18.22396749245247,1.43,bt533166,bt,G,g
661428856578,2460237.074132,1.9937134165105665,0.028531271913570883,15.65090879372844,0.015555020005957806,18.51433777950134,1.52,bD478503,bD,G,g
661428856578,2460238.8818094,2.0536458942248834,0.030581140095277872,15.618751719165466,0.01618602786500657,18.43900643067276,1.46,bD479217,bD,G,g
661428856578,2460240.889287,2.064830778607517,0.048286429288420384,15.612854459212048,0.025418668575804045,17.943077883594228,1.61,bD480111,bD,G,g
661428856578,2460242.8733749,1.8313521013852656,0.05720266955088083,15.74313599447757,0.03395131645202837,17.759099868823114,1.53,bD481081,bD,G,g
661428856578,2460243.7603324,1.9667940746189385,0.0704404410997166,15.665668394240804,0.03892918828441786,17.533085444276875,1.56,bt535187,bt,G,g
661428856578,2460244.6982222,2.054119370373898,0.10112450221764753,15.618501427259169,0.05351097836786744,17.14049961938236,1.64,bt535606,bt,G,g
661428856578,2460246.0545533,1.7837907746593098,0.09406219926857629,15.771705838465104,0.057316991654266174,17.219102789518644,1.48,bD482692,bD,G,g
661428856578,2460251.1155561,1.6684460085303459,0.059517331114768,15.844285229022661,0.038774255133787086,17.716031990754406,1.60,bD485140,bD,G,g
661428856578,2460253.0595582,2.239665916315687,0.04519684419258451,15.524607520109107,0.021934969943183478,18.014870331802765,1.51,bD485974,bD,G,g
661428856578,2460254.8388026,1.7480735014748179,0.03644179801460337,15.793666398484474,0.022659602117676654,18.248641119850284,1.77,bD486816,bD,G,g
661428856578,2460257.0781912,1.929812470755413,0.028113230414349613,15.686277850893745,0.015834626218406863,18.530363731279987,1.47,bD487636,bD,G,g
661428856578,2460260.0779755,1.7341324378186453,0.037203967413545515,15.802359967261257,0.023319496327276753,18.226167473166498,1.46,bD489099,bD,G,g
661428856578,2460263.8519093,2.0571834937757836,0.038186934955357105,15.616883044746771,0.020176876841827,18.19785360778402,1.59,bD490518,bD,G,g
661428856578,2460265.9777861,1.934854710584912,0.030079692661151767,15.683444724424934,0.016898074016143405,18.456957125081317,1.56,bD491289,bD,G,g
661428856578,2460268.7711444,2.018818775056493,0.05700180514172823,15.637322284711928,0.030690463460728807,17.76291908845928,1.50,bD492678,bD,G,g
661428856578,2460270.6338766,1.9985316288554091,0.05009479367399165,15.64828805774379,0.027245434549517857,17.903159130913227,1.44,bt542065,bt,G,g
661428856578,2460271.9358197,2.1788562820329926,0.06799354131112442,15.554494159767167,0.0339196411317718,17.57147145857941,1.44,bD493760,bD,G,g
661428856578,2460272.8212167,2.093430782445109,0.08356087896961166,15.597919107588961,0.04338669475958901,17.34763311234682,1.44,bD494144,bD,G,g
661428856578,2460272.8414043,2.0861511971452322,0.07440170340262021,15.60170116873591,0.03876584633589645,17.473683414718284,1.53,bt543071,bt,G,g
661428856578,2460273.8922191,1.7903508772478596,0.08299073122882096,15.767720238799956,0.05038527235048674,17.355066633542798,1.52,bt543572,bt,G,g
661428856578,2460278.7697453,2.0884026403316227,0.0706018752847525,15.600530038257014,0.03674634733060313,17.530600019754466,1.58,bt544566,bt,G,g
661428856578,2460279.8397504,2.1414520889169064,0.06923185906140794,15.573294716545522,0.03514065110697026,17.5518756270882,2.09,bt545106,bt,G,g
661428856578,2460280.9215611,1.886826004895716,0.05501192919131366,15.710735989248954,0.03169109131038,17.80149842315198,1.53,bt545503,bt,G,g
661428856578,2460282.798212,1.7531737898105935,0.04320761099646155,15.790503199111757,0.026788442101022488,18.0637399757345,1.64,bt546026,bt,G,g
661428856578,2460283.8238446,2.0180452318032795,0.0320410849407263,15.637738381922441,0.017257921522799088,18.388372578258657,1.44,bt546646,bt,G,g
661428856578,2460284.7948885,2.1039087783369395,0.03190028214194797,15.592498358107143,0.016480857001279933,18.39315430096622,1.50,bt546922,bt,G,g
661428856578,2460286.0125001,1.9927594847483472,0.031214068072793262,15.651428410089334,0.017025805232093225,18.416764678529816,1.48,bD497492,bD,G,g
661428856578,2460286.6256878,2.0181080987933457,0.037208539576213555,15.637704559140392,0.020040583941433026,18.226034050365683,1.46,bt547747,bt,G,g
661428856578,2460287.5899249,2.003294720375487,0.03750418372168864,15.645703506141261,0.020349186105353058,18.217441317729893,1.58,bt548237,bt,G,g
661428856578,2460287.9950444,2.0904573295323994,0.028690552368836223,15.59946235441469,0.0149179715696853,18.50829333733919,1.62,bD498377,bD,G,g
661428856578,2460288.6766612,1.9614461126292768,0.2693955933417531,15.668624669450264,0.14928847406268045,16.076664392839398,1.64,bH523490,bH,B,g
661428856578,2460288.8228175,2.1227703221427547,0.02732077968467111,15.582808104156495,0.01398950199533369,18.56140788856719,1.47,bD498728,bD,G,g
661428856578,2460290.8237424,1.689218572700472,0.03503551824274565,15.830851002830515,0.022544202190236798,18.291369246621294,1.62,bD499220,bD,G,g
661428856578,2460291.7858042,1.836580096694236,0.02480463802662357,15.7400409385591,0.01468030886371172,18.666308377013586,1.48,bD499668,bD,G,g
661428856578,2460305.9524338,2.028274239593361,0.1181619110073358,15.632248935113642,0.06332322192108109,16.971446846160838,1.52,bD502824,bD,G,g
661428856578,2460309.9350305,1.762874019747093,0.05313810492547815,15.784512428719943,0.03276400301701249,17.839125456386537,1.50,bD503762,bD,G,g
661428856578,2460310.7135771,2.0515392510234767,0.030010671849251915,15.619866046005363,0.015900400380857254,18.459451316219212,1.48,bt556266,bt,G,g
661428856578,2460311.6130403,3.9468369197883755,0.17384868659899166,14.90944266713662,0.047877824074040606,16.552212076438785,1.52,bH525115,bH,B,g
661428856578,2460311.7998226,1.668494552606178,0.03712513998436696,15.844253639571368,0.02418552278966332,18.228470361735173,1.54,bD504652,bD,G,g
661428856578,2460312.5899869,1.9540622686231635,0.12614956312567605,15.672719624940296,0.07017130034991675,16.900426234364417,1.43,bH525455,bH,G,g
661428856578,2460312.9174079,2.057885915335346,0.04270684213410827,15.616512385372747,0.02255736347414961,18.076396962343303,1.54,bD505224,bD,G,g
661428856578,2460314.8998377,1.7063875737921606,0.04448866095577103,15.81987142266782,0.02833895470877725,18.032017275666774,1.50,bD506183,bD,G,g
661428856578,2460316.648666,1.9975483259581057,0.02614985243494756,15.648822385179407,0.014229319149537439,18.608967505285655,1.44,bt558451,bt,G,g
661428856578,2460343.7186968,2.09967460504285,0.03147904788946284,15.594685633285541,0.016296028117600517,18.407586640741584,1.71,bt564464,bt,G,g
661428856578,2460361.7883993,1.8576547365311606,0.0769758106787122,15.727653124178175,0.04504031765860886,17.436754932900737,1.54,bD519740,bD,G,g
661428856578,2460363.6517443,1.861010699433443,0.06961586104870655,15.72569344725818,0.0406603864268019,17.54587011366723,1.50,bt570406,bt,G,g
661428856578,2460364.7272147,1.8699899549437302,0.12034099443793737,15.720467438192623,0.06994980288053178,16.95160662153372,1.50,bt570760,bt,B,g
661428856578,2460371.7923856,2.000580534757713,0.035158699868430274,15.647175525050578,0.01910244424250947,18.287558594073104,1.51,bD523442,bD,G,g
661428856578,2460382.7437647,2.014698288730216,0.05814719049915853,15.639540578410037,0.03137118261697765,17.741318772086643,1.48,bD525135,bD,B,g
661428856578,2460390.7240884,1.9137752970716526,0.13169568043375326,15.695338261212369,0.07479847762241285,16.853711785171935,1.84,bD527645,bD,G,g
661428856578,2460391.6448824,1.9389063746222914,0.0756830525895467,15.681173526050916,0.04242813818865227,17.455144010144036,1.49,bt577089,bt,G,g
661428856578,2460395.6355482,1.9919943789110452,0.09845269787774638,15.651845350832307,0.0537219397674854,17.16957155765744,1.60,bt577963,bt,G,g
661428856578,2460396.6325971,2.0091012307152982,0.06709645871520799,15.64256107305291,0.036300278090084154,17.585891613591585,1.51,bt578357,bt,G,g
661428856578,2460397.6469233,2.3032491014584573,0.05130138906414738,15.494213346261693,0.024210312024974544,17.877317800284132,1.40,bt578792,bt,G,g
661428856578,2460399.618445,1.6653929274441495,0.04411494948157591,15.846273832348547,0.02879262380366947,18.04117614587008,1.49,bt579505,bt,G,g
661428856578,2460402.6128411,2.0376364505204902,0.04128601101854181,15.627248869888525,0.022023604319472468,18.113133301102327,1.52,bt579997,bt,G,g
661428856578,2460403.6096425,1.8280981234528149,0.03757928638560654,15.745066865162956,0.02234401419437366,18.21526928949605,1.65,bt580417,bt,G,g
661428856578,2460404.6063532,1.882251081307413,0.035418148240396304,15.713371734021283,0.020453162492583797,18.27957598314107,2.27,bt580846,bt,G,g
661428856578,2460405.603149,2.088716312987894,0.03773160066308756,15.60036697574249,0.019635318191071754,18.210877537983762,1.47,bt581274,bt,G,g
